REGION,States/UTs,District,Year,CRIME_TYPE,COUNT
Telangana (state),Telangana,Adilabad,2014,Acid attack,0
Telangana (state),Telangana,Adilabad,2014,Arson,37
Telangana (state),Telangana,Adilabad,2014,Assault on Women with intent to outrage her Modesty,244
Telangana (state),Telangana,Adilabad,2014,Assault or use of criminal force to women with intent to Disrobe,17
Telangana (state),Telangana,Adilabad,2014,At Office premises,0
Telangana (state),Telangana,Adilabad,2014,Attempt to Acid Attack,0
Telangana (state),Telangana,Adilabad,2014,Attempt to commit Culpable Homicide,0
Telangana (state),Telangana,Adilabad,2014,Attempt to commit Murder,79
Telangana (state),Telangana,Adilabad,2014,Attempt to commit Rape,13
Telangana (state),Telangana,Adilabad,2014,Auto Theft,136
Telangana (state),Telangana,Adilabad,2014,Causing Death by Negligence,399
Telangana (state),Telangana,Adilabad,2014,Cheating,223
Telangana (state),Telangana,Adilabad,2014,Counterfeit Offences related to Counterfeit Coin,0
Telangana (state),Telangana,Adilabad,2014,Counterfeit currency & Bank notes,3
Telangana (state),Telangana,Adilabad,2014,Counterfeiting,3
Telangana (state),Telangana,Adilabad,2014,Counterfeiting Government Stamp,0
Telangana (state),Telangana,Adilabad,2014,Counterfeiting currency notes/Bank notes,1
Telangana (state),Telangana,Adilabad,2014,Criminal Breach of Trust,43
Telangana (state),Telangana,Adilabad,2014,Criminal Trespass or Burglary,234
Telangana (state),Telangana,Adilabad,2014,Criminal Trespass/Burglary,292
Telangana (state),Telangana,Adilabad,2014,Cruelty by Husband or his Relatives,384
Telangana (state),Telangana,Adilabad,2014,Culpable Homicide not amounting to Murder,17
Telangana (state),Telangana,Adilabad,2014,Custodial Rape,0
Telangana (state),Telangana,Adilabad,2014,Custodial_Gang Rape,0
Telangana (state),Telangana,Adilabad,2014,Custodial_Other Rape,0
Telangana (state),Telangana,Adilabad,2014,Dacoity,1
Telangana (state),Telangana,Adilabad,2014,Dacoity with Murder,0
Telangana (state),Telangana,Adilabad,2014,Deaths due to Other Causes,1
Telangana (state),Telangana,Adilabad,2014,Deaths due to negligent driving/act,398
Telangana (state),Telangana,Adilabad,2014,Disclosure of Identity of Victims,0
Telangana (state),Telangana,Adilabad,2014,Dowry Deaths,16
Telangana (state),Telangana,Adilabad,2014,Extortion,15
Telangana (state),Telangana,Adilabad,2014,Forgery,0
Telangana (state),Telangana,Adilabad,2014,Grievous Hurt,61
Telangana (state),Telangana,Adilabad,2014,House Trespass & House Breaking,58
Telangana (state),Telangana,Adilabad,2014,HumanTrafficking,0
Telangana (state),Telangana,Adilabad,2014,Hurt,61
Telangana (state),Telangana,Adilabad,2014,Importation of Girls from Foreign Country,0
Telangana (state),Telangana,Adilabad,2014,"Imputation, assertions prejudicial to national integration",0
Telangana (state),Telangana,Adilabad,2014,In Public Transport system,0
Telangana (state),Telangana,Adilabad,2014,Incidence of Rash Driving,1042
Telangana (state),Telangana,Adilabad,2014,Insult to the Modesty of Women,83
Telangana (state),Telangana,Adilabad,2014,Kidnapping & Abduction,18
Telangana (state),Telangana,Adilabad,2014,Kidnapping & Abduction in order to Murder,0
Telangana (state),Telangana,Adilabad,2014,Kidnapping & Abduction of Women to compel her for marriage,21
Telangana (state),Telangana,Adilabad,2014,Kidnapping & Abduction_Total,46
Telangana (state),Telangana,Adilabad,2014,Kidnapping for Ransom,0
Telangana (state),Telangana,Adilabad,2014,Making Preparation and Assembly for committing Dacoity,0
Telangana (state),Telangana,Adilabad,2014,Making or Possessing materials for forged currency/Bank notes,0
Telangana (state),Telangana,Adilabad,2014,Making or Using documents resembling currency,0
Telangana (state),Telangana,Adilabad,2014,Murder,101
Telangana (state),Telangana,Adilabad,2014,Offences against State,0
Telangana (state),Telangana,Adilabad,2014,Offences promoting enmity between different groups,6
Telangana (state),Telangana,Adilabad,2014,Other Assault on Women,137
Telangana (state),Telangana,Adilabad,2014,Other Dacoity,1
Telangana (state),Telangana,Adilabad,2014,Other IPC crimes,2339
Telangana (state),Telangana,Adilabad,2014,Other Kidnapping,7
Telangana (state),Telangana,Adilabad,2014,Other Thefts,369
Telangana (state),Telangana,Adilabad,2014,Other offences against State,0
Telangana (state),Telangana,Adilabad,2014,Other places related to work,0
Telangana (state),Telangana,Adilabad,2014,"Places other than 231, 232 & 233",83
Telangana (state),Telangana,Adilabad,2014,Possession of forged or counterfeiting currency/Bank notes,2
Telangana (state),Telangana,Adilabad,2014,Promoting enmity between different groups,6
Telangana (state),Telangana,Adilabad,2014,Rape,42
Telangana (state),Telangana,Adilabad,2014,Rape other than Custodial,42
Telangana (state),Telangana,Adilabad,2014,Rape_Gang Rape,0
Telangana (state),Telangana,Adilabad,2014,Rape_Others,42
Telangana (state),Telangana,Adilabad,2014,Riots,38
Telangana (state),Telangana,Adilabad,2014,Riots_Agrarian,0
Telangana (state),Telangana,Adilabad,2014,Riots_Caste Conflict,3
Telangana (state),Telangana,Adilabad,2014,Riots_Communal,0
Telangana (state),Telangana,Adilabad,2014,Riots_Industrial,0
Telangana (state),Telangana,Adilabad,2014,Riots_Other Caste Conflict,0
Telangana (state),Telangana,Adilabad,2014,Riots_Others,27
Telangana (state),Telangana,Adilabad,2014,Riots_Political,8
Telangana (state),Telangana,Adilabad,2014,Riots_SC/STs Vs Non-SCs/STs,3
Telangana (state),Telangana,Adilabad,2014,Riots_Sectarian,0
Telangana (state),Telangana,Adilabad,2014,Riots_Students,0
Telangana (state),Telangana,Adilabad,2014,Robbery,7
Telangana (state),Telangana,Adilabad,2014,Sedition,0
Telangana (state),Telangana,Adilabad,2014,Sexual Harassment,52
Telangana (state),Telangana,Adilabad,2014,Stalking,36
Telangana (state),Telangana,Adilabad,2014,Theft,505
Telangana (state),Telangana,Adilabad,2014,Total Cognizable IPC crimes,6036
Telangana (state),Telangana,Adilabad,2014,Unlawful Assembly,0
Telangana (state),Telangana,Adilabad,2014,Unnatural Offence,0
Telangana (state),Telangana,Adilabad,2014,Using forged or counterfeiting currency/Bank notes,0
Telangana (state),Telangana,Adilabad,2014,Voyeurism,2
Telangana (state),Telangana,Cyberabad,2014,Acid attack,1
Telangana (state),Telangana,Cyberabad,2014,Arson,57
Telangana (state),Telangana,Cyberabad,2014,Assault on Women with intent to outrage her Modesty,376
Telangana (state),Telangana,Cyberabad,2014,Assault or use of criminal force to women with intent to Disrobe,24
Telangana (state),Telangana,Cyberabad,2014,At Office premises,1
Telangana (state),Telangana,Cyberabad,2014,Attempt to Acid Attack,0
Telangana (state),Telangana,Cyberabad,2014,Attempt to commit Culpable Homicide,1
Telangana (state),Telangana,Cyberabad,2014,Attempt to commit Murder,124
Telangana (state),Telangana,Cyberabad,2014,Attempt to commit Rape,3
Telangana (state),Telangana,Cyberabad,2014,Auto Theft,1698
Telangana (state),Telangana,Cyberabad,2014,Causing Death by Negligence,1038
Telangana (state),Telangana,Cyberabad,2014,Cheating,2347
Telangana (state),Telangana,Cyberabad,2014,Counterfeit Offences related to Counterfeit Coin,0
Telangana (state),Telangana,Cyberabad,2014,Counterfeit currency & Bank notes,9
Telangana (state),Telangana,Cyberabad,2014,Counterfeiting,9
Telangana (state),Telangana,Cyberabad,2014,Counterfeiting Government Stamp,0
Telangana (state),Telangana,Cyberabad,2014,Counterfeiting currency notes/Bank notes,2
Telangana (state),Telangana,Cyberabad,2014,Criminal Breach of Trust,190
Telangana (state),Telangana,Cyberabad,2014,Criminal Trespass or Burglary,877
Telangana (state),Telangana,Cyberabad,2014,Criminal Trespass/Burglary,1122
Telangana (state),Telangana,Cyberabad,2014,Cruelty by Husband or his Relatives,1329
Telangana (state),Telangana,Cyberabad,2014,Culpable Homicide not amounting to Murder,12
Telangana (state),Telangana,Cyberabad,2014,Custodial Rape,0
Telangana (state),Telangana,Cyberabad,2014,Custodial_Gang Rape,0
Telangana (state),Telangana,Cyberabad,2014,Custodial_Other Rape,0
Telangana (state),Telangana,Cyberabad,2014,Dacoity,15
Telangana (state),Telangana,Cyberabad,2014,Dacoity with Murder,1
Telangana (state),Telangana,Cyberabad,2014,Deaths due to Other Causes,71
Telangana (state),Telangana,Cyberabad,2014,Deaths due to negligent driving/act,967
Telangana (state),Telangana,Cyberabad,2014,Disclosure of Identity of Victims,0
Telangana (state),Telangana,Cyberabad,2014,Dowry Deaths,48
Telangana (state),Telangana,Cyberabad,2014,Extortion,51
Telangana (state),Telangana,Cyberabad,2014,Forgery,132
Telangana (state),Telangana,Cyberabad,2014,Grievous Hurt,182
Telangana (state),Telangana,Cyberabad,2014,House Trespass & House Breaking,245
Telangana (state),Telangana,Cyberabad,2014,HumanTrafficking,55
Telangana (state),Telangana,Cyberabad,2014,Hurt,181
Telangana (state),Telangana,Cyberabad,2014,Importation of Girls from Foreign Country,0
Telangana (state),Telangana,Cyberabad,2014,"Imputation, assertions prejudicial to national integration",0
Telangana (state),Telangana,Cyberabad,2014,In Public Transport system,3
Telangana (state),Telangana,Cyberabad,2014,Incidence of Rash Driving,2331
Telangana (state),Telangana,Cyberabad,2014,Insult to the Modesty of Women,271
Telangana (state),Telangana,Cyberabad,2014,Kidnapping & Abduction,55
Telangana (state),Telangana,Cyberabad,2014,Kidnapping & Abduction in order to Murder,1
Telangana (state),Telangana,Cyberabad,2014,Kidnapping & Abduction of Women to compel her for marriage,35
Telangana (state),Telangana,Cyberabad,2014,Kidnapping & Abduction_Total,165
Telangana (state),Telangana,Cyberabad,2014,Kidnapping for Ransom,1
Telangana (state),Telangana,Cyberabad,2014,Making Preparation and Assembly for committing Dacoity,1
Telangana (state),Telangana,Cyberabad,2014,Making or Possessing materials for forged currency/Bank notes,1
Telangana (state),Telangana,Cyberabad,2014,Making or Using documents resembling currency,0
Telangana (state),Telangana,Cyberabad,2014,Murder,144
Telangana (state),Telangana,Cyberabad,2014,Offences against State,2
Telangana (state),Telangana,Cyberabad,2014,Offences promoting enmity between different groups,7
Telangana (state),Telangana,Cyberabad,2014,Other Assault on Women,153
Telangana (state),Telangana,Cyberabad,2014,Other Dacoity,14
Telangana (state),Telangana,Cyberabad,2014,Other IPC crimes,4863
Telangana (state),Telangana,Cyberabad,2014,Other Kidnapping,73
Telangana (state),Telangana,Cyberabad,2014,Other Thefts,2484
Telangana (state),Telangana,Cyberabad,2014,Other offences against State,2
Telangana (state),Telangana,Cyberabad,2014,Other places related to work,9
Telangana (state),Telangana,Cyberabad,2014,"Places other than 231, 232 & 233",258
Telangana (state),Telangana,Cyberabad,2014,Possession of forged or counterfeiting currency/Bank notes,3
Telangana (state),Telangana,Cyberabad,2014,Promoting enmity between different groups,7
Telangana (state),Telangana,Cyberabad,2014,Rape,139
Telangana (state),Telangana,Cyberabad,2014,Rape other than Custodial,139
Telangana (state),Telangana,Cyberabad,2014,Rape_Gang Rape,6
Telangana (state),Telangana,Cyberabad,2014,Rape_Others,133
Telangana (state),Telangana,Cyberabad,2014,Riots,51
Telangana (state),Telangana,Cyberabad,2014,Riots_Agrarian,0
Telangana (state),Telangana,Cyberabad,2014,Riots_Caste Conflict,3
Telangana (state),Telangana,Cyberabad,2014,Riots_Communal,31
Telangana (state),Telangana,Cyberabad,2014,Riots_Industrial,3
Telangana (state),Telangana,Cyberabad,2014,Riots_Other Caste Conflict,3
Telangana (state),Telangana,Cyberabad,2014,Riots_Others,11
Telangana (state),Telangana,Cyberabad,2014,Riots_Political,3
Telangana (state),Telangana,Cyberabad,2014,Riots_SC/STs Vs Non-SCs/STs,0
Telangana (state),Telangana,Cyberabad,2014,Riots_Sectarian,0
Telangana (state),Telangana,Cyberabad,2014,Riots_Students,0
Telangana (state),Telangana,Cyberabad,2014,Robbery,62
Telangana (state),Telangana,Cyberabad,2014,Sedition,0
Telangana (state),Telangana,Cyberabad,2014,Sexual Harassment,55
Telangana (state),Telangana,Cyberabad,2014,Stalking,137
Telangana (state),Telangana,Cyberabad,2014,Theft,4182
Telangana (state),Telangana,Cyberabad,2014,Total Cognizable IPC crimes,19311
Telangana (state),Telangana,Cyberabad,2014,Unlawful Assembly,1
Telangana (state),Telangana,Cyberabad,2014,Unnatural Offence,1
Telangana (state),Telangana,Cyberabad,2014,Using forged or counterfeiting currency/Bank notes,3
Telangana (state),Telangana,Cyberabad,2014,Voyeurism,7
Telangana (state),Telangana,Hyderabad City,2014,Acid attack,0
Telangana (state),Telangana,Hyderabad City,2014,Arson,20
Telangana (state),Telangana,Hyderabad City,2014,Assault on Women with intent to outrage her Modesty,393
Telangana (state),Telangana,Hyderabad City,2014,Assault or use of criminal force to women with intent to Disrobe,18
Telangana (state),Telangana,Hyderabad City,2014,At Office premises,4
Telangana (state),Telangana,Hyderabad City,2014,Attempt to Acid Attack,0
Telangana (state),Telangana,Hyderabad City,2014,Attempt to commit Culpable Homicide,0
Telangana (state),Telangana,Hyderabad City,2014,Attempt to commit Murder,163
Telangana (state),Telangana,Hyderabad City,2014,Attempt to commit Rape,2
Telangana (state),Telangana,Hyderabad City,2014,Auto Theft,1396
Telangana (state),Telangana,Hyderabad City,2014,Causing Death by Negligence,441
Telangana (state),Telangana,Hyderabad City,2014,Cheating,2557
Telangana (state),Telangana,Hyderabad City,2014,Counterfeit Offences related to Counterfeit Coin,0
Telangana (state),Telangana,Hyderabad City,2014,Counterfeit currency & Bank notes,37
Telangana (state),Telangana,Hyderabad City,2014,Counterfeiting,37
Telangana (state),Telangana,Hyderabad City,2014,Counterfeiting Government Stamp,0
Telangana (state),Telangana,Hyderabad City,2014,Counterfeiting currency notes/Bank notes,6
Telangana (state),Telangana,Hyderabad City,2014,Criminal Breach of Trust,97
Telangana (state),Telangana,Hyderabad City,2014,Criminal Trespass or Burglary,613
Telangana (state),Telangana,Hyderabad City,2014,Criminal Trespass/Burglary,754
Telangana (state),Telangana,Hyderabad City,2014,Cruelty by Husband or his Relatives,1289
Telangana (state),Telangana,Hyderabad City,2014,Culpable Homicide not amounting to Murder,6
Telangana (state),Telangana,Hyderabad City,2014,Custodial Rape,0
Telangana (state),Telangana,Hyderabad City,2014,Custodial_Gang Rape,0
Telangana (state),Telangana,Hyderabad City,2014,Custodial_Other Rape,0
Telangana (state),Telangana,Hyderabad City,2014,Dacoity,9
Telangana (state),Telangana,Hyderabad City,2014,Dacoity with Murder,0
Telangana (state),Telangana,Hyderabad City,2014,Deaths due to Other Causes,20
Telangana (state),Telangana,Hyderabad City,2014,Deaths due to negligent driving/act,421
Telangana (state),Telangana,Hyderabad City,2014,Disclosure of Identity of Victims,0
Telangana (state),Telangana,Hyderabad City,2014,Dowry Deaths,22
Telangana (state),Telangana,Hyderabad City,2014,Extortion,47
Telangana (state),Telangana,Hyderabad City,2014,Forgery,43
Telangana (state),Telangana,Hyderabad City,2014,Grievous Hurt,119
Telangana (state),Telangana,Hyderabad City,2014,House Trespass & House Breaking,141
Telangana (state),Telangana,Hyderabad City,2014,HumanTrafficking,5
Telangana (state),Telangana,Hyderabad City,2014,Hurt,119
Telangana (state),Telangana,Hyderabad City,2014,Importation of Girls from Foreign Country,0
Telangana (state),Telangana,Hyderabad City,2014,"Imputation, assertions prejudicial to national integration",0
Telangana (state),Telangana,Hyderabad City,2014,In Public Transport system,0
Telangana (state),Telangana,Hyderabad City,2014,Incidence of Rash Driving,2254
Telangana (state),Telangana,Hyderabad City,2014,Insult to the Modesty of Women,87
Telangana (state),Telangana,Hyderabad City,2014,Kidnapping & Abduction,235
Telangana (state),Telangana,Hyderabad City,2014,Kidnapping & Abduction in order to Murder,0
Telangana (state),Telangana,Hyderabad City,2014,Kidnapping & Abduction of Women to compel her for marriage,6
Telangana (state),Telangana,Hyderabad City,2014,Kidnapping & Abduction_Total,374
Telangana (state),Telangana,Hyderabad City,2014,Kidnapping for Ransom,1
Telangana (state),Telangana,Hyderabad City,2014,Making Preparation and Assembly for committing Dacoity,0
Telangana (state),Telangana,Hyderabad City,2014,Making or Possessing materials for forged currency/Bank notes,0
Telangana (state),Telangana,Hyderabad City,2014,Making or Using documents resembling currency,0
Telangana (state),Telangana,Hyderabad City,2014,Murder,118
Telangana (state),Telangana,Hyderabad City,2014,Offences against State,1
Telangana (state),Telangana,Hyderabad City,2014,Offences promoting enmity between different groups,0
Telangana (state),Telangana,Hyderabad City,2014,Other Assault on Women,213
Telangana (state),Telangana,Hyderabad City,2014,Other Dacoity,9
Telangana (state),Telangana,Hyderabad City,2014,Other IPC crimes,5584
Telangana (state),Telangana,Hyderabad City,2014,Other Kidnapping,132
Telangana (state),Telangana,Hyderabad City,2014,Other Thefts,2870
Telangana (state),Telangana,Hyderabad City,2014,Other offences against State,1
Telangana (state),Telangana,Hyderabad City,2014,Other places related to work,23
Telangana (state),Telangana,Hyderabad City,2014,"Places other than 231, 232 & 233",60
Telangana (state),Telangana,Hyderabad City,2014,Possession of forged or counterfeiting currency/Bank notes,5
Telangana (state),Telangana,Hyderabad City,2014,Promoting enmity between different groups,0
Telangana (state),Telangana,Hyderabad City,2014,Rape,126
Telangana (state),Telangana,Hyderabad City,2014,Rape other than Custodial,126
Telangana (state),Telangana,Hyderabad City,2014,Rape_Gang Rape,1
Telangana (state),Telangana,Hyderabad City,2014,Rape_Others,125
Telangana (state),Telangana,Hyderabad City,2014,Riots,57
Telangana (state),Telangana,Hyderabad City,2014,Riots_Agrarian,0
Telangana (state),Telangana,Hyderabad City,2014,Riots_Caste Conflict,11
Telangana (state),Telangana,Hyderabad City,2014,Riots_Communal,4
Telangana (state),Telangana,Hyderabad City,2014,Riots_Industrial,0
Telangana (state),Telangana,Hyderabad City,2014,Riots_Other Caste Conflict,9
Telangana (state),Telangana,Hyderabad City,2014,Riots_Others,29
Telangana (state),Telangana,Hyderabad City,2014,Riots_Political,0
Telangana (state),Telangana,Hyderabad City,2014,Riots_SC/STs Vs Non-SCs/STs,2
Telangana (state),Telangana,Hyderabad City,2014,Riots_Sectarian,0
Telangana (state),Telangana,Hyderabad City,2014,Riots_Students,13
Telangana (state),Telangana,Hyderabad City,2014,Robbery,58
Telangana (state),Telangana,Hyderabad City,2014,Sedition,0
Telangana (state),Telangana,Hyderabad City,2014,Sexual Harassment,115
Telangana (state),Telangana,Hyderabad City,2014,Stalking,35
Telangana (state),Telangana,Hyderabad City,2014,Theft,4266
Telangana (state),Telangana,Hyderabad City,2014,Total Cognizable IPC crimes,18940
Telangana (state),Telangana,Hyderabad City,2014,Unlawful Assembly,4
Telangana (state),Telangana,Hyderabad City,2014,Unnatural Offence,7
Telangana (state),Telangana,Hyderabad City,2014,Using forged or counterfeiting currency/Bank notes,26
Telangana (state),Telangana,Hyderabad City,2014,Voyeurism,12
Telangana (state),Telangana,Karimnagar,2014,Acid attack,0
Telangana (state),Telangana,Karimnagar,2014,Arson,38
Telangana (state),Telangana,Karimnagar,2014,Assault on Women with intent to outrage her Modesty,373
Telangana (state),Telangana,Karimnagar,2014,Assault or use of criminal force to women with intent to Disrobe,3
Telangana (state),Telangana,Karimnagar,2014,At Office premises,0
Telangana (state),Telangana,Karimnagar,2014,Attempt to Acid Attack,0
Telangana (state),Telangana,Karimnagar,2014,Attempt to commit Culpable Homicide,0
Telangana (state),Telangana,Karimnagar,2014,Attempt to commit Murder,136
Telangana (state),Telangana,Karimnagar,2014,Attempt to commit Rape,0
Telangana (state),Telangana,Karimnagar,2014,Auto Theft,245
Telangana (state),Telangana,Karimnagar,2014,Causing Death by Negligence,543
Telangana (state),Telangana,Karimnagar,2014,Cheating,813
Telangana (state),Telangana,Karimnagar,2014,Counterfeit Offences related to Counterfeit Coin,0
Telangana (state),Telangana,Karimnagar,2014,Counterfeit currency & Bank notes,6
Telangana (state),Telangana,Karimnagar,2014,Counterfeiting,6
Telangana (state),Telangana,Karimnagar,2014,Counterfeiting Government Stamp,0
Telangana (state),Telangana,Karimnagar,2014,Counterfeiting currency notes/Bank notes,6
Telangana (state),Telangana,Karimnagar,2014,Criminal Breach of Trust,108
Telangana (state),Telangana,Karimnagar,2014,Criminal Trespass or Burglary,268
Telangana (state),Telangana,Karimnagar,2014,Criminal Trespass/Burglary,377
Telangana (state),Telangana,Karimnagar,2014,Cruelty by Husband or his Relatives,737
Telangana (state),Telangana,Karimnagar,2014,Culpable Homicide not amounting to Murder,14
Telangana (state),Telangana,Karimnagar,2014,Custodial Rape,0
Telangana (state),Telangana,Karimnagar,2014,Custodial_Gang Rape,0
Telangana (state),Telangana,Karimnagar,2014,Custodial_Other Rape,0
Telangana (state),Telangana,Karimnagar,2014,Dacoity,5
Telangana (state),Telangana,Karimnagar,2014,Dacoity with Murder,0
Telangana (state),Telangana,Karimnagar,2014,Deaths due to Other Causes,0
Telangana (state),Telangana,Karimnagar,2014,Deaths due to negligent driving/act,543
Telangana (state),Telangana,Karimnagar,2014,Disclosure of Identity of Victims,0
Telangana (state),Telangana,Karimnagar,2014,Dowry Deaths,34
Telangana (state),Telangana,Karimnagar,2014,Extortion,2
Telangana (state),Telangana,Karimnagar,2014,Forgery,0
Telangana (state),Telangana,Karimnagar,2014,Grievous Hurt,187
Telangana (state),Telangana,Karimnagar,2014,House Trespass & House Breaking,109
Telangana (state),Telangana,Karimnagar,2014,HumanTrafficking,0
Telangana (state),Telangana,Karimnagar,2014,Hurt,187
Telangana (state),Telangana,Karimnagar,2014,Importation of Girls from Foreign Country,0
Telangana (state),Telangana,Karimnagar,2014,"Imputation, assertions prejudicial to national integration",0
Telangana (state),Telangana,Karimnagar,2014,In Public Transport system,0
Telangana (state),Telangana,Karimnagar,2014,Incidence of Rash Driving,955
Telangana (state),Telangana,Karimnagar,2014,Insult to the Modesty of Women,70
Telangana (state),Telangana,Karimnagar,2014,Kidnapping & Abduction,37
Telangana (state),Telangana,Karimnagar,2014,Kidnapping & Abduction in order to Murder,1
Telangana (state),Telangana,Karimnagar,2014,Kidnapping & Abduction of Women to compel her for marriage,43
Telangana (state),Telangana,Karimnagar,2014,Kidnapping & Abduction_Total,106
Telangana (state),Telangana,Karimnagar,2014,Kidnapping for Ransom,2
Telangana (state),Telangana,Karimnagar,2014,Making Preparation and Assembly for committing Dacoity,0
Telangana (state),Telangana,Karimnagar,2014,Making or Possessing materials for forged currency/Bank notes,0
Telangana (state),Telangana,Karimnagar,2014,Making or Using documents resembling currency,0
Telangana (state),Telangana,Karimnagar,2014,Murder,109
Telangana (state),Telangana,Karimnagar,2014,Offences against State,0
Telangana (state),Telangana,Karimnagar,2014,Offences promoting enmity between different groups,0
Telangana (state),Telangana,Karimnagar,2014,Other Assault on Women,363
Telangana (state),Telangana,Karimnagar,2014,Other Dacoity,5
Telangana (state),Telangana,Karimnagar,2014,Other IPC crimes,3845
Telangana (state),Telangana,Karimnagar,2014,Other Kidnapping,23
Telangana (state),Telangana,Karimnagar,2014,Other Thefts,490
Telangana (state),Telangana,Karimnagar,2014,Other offences against State,0
Telangana (state),Telangana,Karimnagar,2014,Other places related to work,0
Telangana (state),Telangana,Karimnagar,2014,"Places other than 231, 232 & 233",70
Telangana (state),Telangana,Karimnagar,2014,Possession of forged or counterfeiting currency/Bank notes,0
Telangana (state),Telangana,Karimnagar,2014,Promoting enmity between different groups,0
Telangana (state),Telangana,Karimnagar,2014,Rape,66
Telangana (state),Telangana,Karimnagar,2014,Rape other than Custodial,66
Telangana (state),Telangana,Karimnagar,2014,Rape_Gang Rape,0
Telangana (state),Telangana,Karimnagar,2014,Rape_Others,66
Telangana (state),Telangana,Karimnagar,2014,Riots,87
Telangana (state),Telangana,Karimnagar,2014,Riots_Agrarian,0
Telangana (state),Telangana,Karimnagar,2014,Riots_Caste Conflict,0
Telangana (state),Telangana,Karimnagar,2014,Riots_Communal,0
Telangana (state),Telangana,Karimnagar,2014,Riots_Industrial,0
Telangana (state),Telangana,Karimnagar,2014,Riots_Other Caste Conflict,0
Telangana (state),Telangana,Karimnagar,2014,Riots_Others,87
Telangana (state),Telangana,Karimnagar,2014,Riots_Political,0
Telangana (state),Telangana,Karimnagar,2014,Riots_SC/STs Vs Non-SCs/STs,0
Telangana (state),Telangana,Karimnagar,2014,Riots_Sectarian,0
Telangana (state),Telangana,Karimnagar,2014,Riots_Students,0
Telangana (state),Telangana,Karimnagar,2014,Robbery,36
Telangana (state),Telangana,Karimnagar,2014,Sedition,0
Telangana (state),Telangana,Karimnagar,2014,Sexual Harassment,5
Telangana (state),Telangana,Karimnagar,2014,Stalking,2
Telangana (state),Telangana,Karimnagar,2014,Theft,735
Telangana (state),Telangana,Karimnagar,2014,Total Cognizable IPC crimes,9382
Telangana (state),Telangana,Karimnagar,2014,Unlawful Assembly,0
Telangana (state),Telangana,Karimnagar,2014,Unnatural Offence,0
Telangana (state),Telangana,Karimnagar,2014,Using forged or counterfeiting currency/Bank notes,0
Telangana (state),Telangana,Karimnagar,2014,Voyeurism,0
Telangana (state),Telangana,Khammam,2014,Acid attack,0
Telangana (state),Telangana,Khammam,2014,Arson,16
Telangana (state),Telangana,Khammam,2014,Assault on Women with intent to outrage her Modesty,351
Telangana (state),Telangana,Khammam,2014,Assault or use of criminal force to women with intent to Disrobe,1
Telangana (state),Telangana,Khammam,2014,At Office premises,0
Telangana (state),Telangana,Khammam,2014,Attempt to Acid Attack,0
Telangana (state),Telangana,Khammam,2014,Attempt to commit Culpable Homicide,0
Telangana (state),Telangana,Khammam,2014,Attempt to commit Murder,85
Telangana (state),Telangana,Khammam,2014,Attempt to commit Rape,2
Telangana (state),Telangana,Khammam,2014,Auto Theft,278
Telangana (state),Telangana,Khammam,2014,Causing Death by Negligence,482
Telangana (state),Telangana,Khammam,2014,Cheating,845
Telangana (state),Telangana,Khammam,2014,Counterfeit Offences related to Counterfeit Coin,0
Telangana (state),Telangana,Khammam,2014,Counterfeit currency & Bank notes,1
Telangana (state),Telangana,Khammam,2014,Counterfeiting,1
Telangana (state),Telangana,Khammam,2014,Counterfeiting Government Stamp,0
Telangana (state),Telangana,Khammam,2014,Counterfeiting currency notes/Bank notes,1
Telangana (state),Telangana,Khammam,2014,Criminal Breach of Trust,40
Telangana (state),Telangana,Khammam,2014,Criminal Trespass or Burglary,334
Telangana (state),Telangana,Khammam,2014,Criminal Trespass/Burglary,432
Telangana (state),Telangana,Khammam,2014,Cruelty by Husband or his Relatives,530
Telangana (state),Telangana,Khammam,2014,Culpable Homicide not amounting to Murder,7
Telangana (state),Telangana,Khammam,2014,Custodial Rape,0
Telangana (state),Telangana,Khammam,2014,Custodial_Gang Rape,0
Telangana (state),Telangana,Khammam,2014,Custodial_Other Rape,0
Telangana (state),Telangana,Khammam,2014,Dacoity,1
Telangana (state),Telangana,Khammam,2014,Dacoity with Murder,0
Telangana (state),Telangana,Khammam,2014,Deaths due to Other Causes,0
Telangana (state),Telangana,Khammam,2014,Deaths due to negligent driving/act,482
Telangana (state),Telangana,Khammam,2014,Disclosure of Identity of Victims,0
Telangana (state),Telangana,Khammam,2014,Dowry Deaths,18
Telangana (state),Telangana,Khammam,2014,Extortion,10
Telangana (state),Telangana,Khammam,2014,Forgery,0
Telangana (state),Telangana,Khammam,2014,Grievous Hurt,50
Telangana (state),Telangana,Khammam,2014,House Trespass & House Breaking,98
Telangana (state),Telangana,Khammam,2014,HumanTrafficking,0
Telangana (state),Telangana,Khammam,2014,Hurt,50
Telangana (state),Telangana,Khammam,2014,Importation of Girls from Foreign Country,0
Telangana (state),Telangana,Khammam,2014,"Imputation, assertions prejudicial to national integration",0
Telangana (state),Telangana,Khammam,2014,In Public Transport system,0
Telangana (state),Telangana,Khammam,2014,Incidence of Rash Driving,3347
Telangana (state),Telangana,Khammam,2014,Insult to the Modesty of Women,133
Telangana (state),Telangana,Khammam,2014,Kidnapping & Abduction,0
Telangana (state),Telangana,Khammam,2014,Kidnapping & Abduction in order to Murder,0
Telangana (state),Telangana,Khammam,2014,Kidnapping & Abduction of Women to compel her for marriage,15
Telangana (state),Telangana,Khammam,2014,Kidnapping & Abduction_Total,73
Telangana (state),Telangana,Khammam,2014,Kidnapping for Ransom,0
Telangana (state),Telangana,Khammam,2014,Making Preparation and Assembly for committing Dacoity,0
Telangana (state),Telangana,Khammam,2014,Making or Possessing materials for forged currency/Bank notes,0
Telangana (state),Telangana,Khammam,2014,Making or Using documents resembling currency,0
Telangana (state),Telangana,Khammam,2014,Murder,76
Telangana (state),Telangana,Khammam,2014,Offences against State,0
Telangana (state),Telangana,Khammam,2014,Offences promoting enmity between different groups,0
Telangana (state),Telangana,Khammam,2014,Other Assault on Women,207
Telangana (state),Telangana,Khammam,2014,Other Dacoity,1
Telangana (state),Telangana,Khammam,2014,Other IPC crimes,3566
Telangana (state),Telangana,Khammam,2014,Other Kidnapping,58
Telangana (state),Telangana,Khammam,2014,Other Thefts,468
Telangana (state),Telangana,Khammam,2014,Other offences against State,0
Telangana (state),Telangana,Khammam,2014,Other places related to work,0
Telangana (state),Telangana,Khammam,2014,"Places other than 231, 232 & 233",133
Telangana (state),Telangana,Khammam,2014,Possession of forged or counterfeiting currency/Bank notes,0
Telangana (state),Telangana,Khammam,2014,Promoting enmity between different groups,0
Telangana (state),Telangana,Khammam,2014,Rape,102
Telangana (state),Telangana,Khammam,2014,Rape other than Custodial,102
Telangana (state),Telangana,Khammam,2014,Rape_Gang Rape,0
Telangana (state),Telangana,Khammam,2014,Rape_Others,102
Telangana (state),Telangana,Khammam,2014,Riots,94
Telangana (state),Telangana,Khammam,2014,Riots_Agrarian,0
Telangana (state),Telangana,Khammam,2014,Riots_Caste Conflict,0
Telangana (state),Telangana,Khammam,2014,Riots_Communal,0
Telangana (state),Telangana,Khammam,2014,Riots_Industrial,0
Telangana (state),Telangana,Khammam,2014,Riots_Other Caste Conflict,0
Telangana (state),Telangana,Khammam,2014,Riots_Others,73
Telangana (state),Telangana,Khammam,2014,Riots_Political,21
Telangana (state),Telangana,Khammam,2014,Riots_SC/STs Vs Non-SCs/STs,0
Telangana (state),Telangana,Khammam,2014,Riots_Sectarian,0
Telangana (state),Telangana,Khammam,2014,Riots_Students,0
Telangana (state),Telangana,Khammam,2014,Robbery,15
Telangana (state),Telangana,Khammam,2014,Sedition,0
Telangana (state),Telangana,Khammam,2014,Sexual Harassment,142
Telangana (state),Telangana,Khammam,2014,Stalking,1
Telangana (state),Telangana,Khammam,2014,Theft,746
Telangana (state),Telangana,Khammam,2014,Total Cognizable IPC crimes,11022
Telangana (state),Telangana,Khammam,2014,Unlawful Assembly,0
Telangana (state),Telangana,Khammam,2014,Unnatural Offence,0
Telangana (state),Telangana,Khammam,2014,Using forged or counterfeiting currency/Bank notes,0
Telangana (state),Telangana,Khammam,2014,Voyeurism,0
Telangana (state),Telangana,Mahaboob Nagar,2014,Acid attack,0
Telangana (state),Telangana,Mahaboob Nagar,2014,Arson,65
Telangana (state),Telangana,Mahaboob Nagar,2014,Assault on Women with intent to outrage her Modesty,242
Telangana (state),Telangana,Mahaboob Nagar,2014,Assault or use of criminal force to women with intent to Disrobe,12
Telangana (state),Telangana,Mahaboob Nagar,2014,At Office premises,0
Telangana (state),Telangana,Mahaboob Nagar,2014,Attempt to Acid Attack,0
Telangana (state),Telangana,Mahaboob Nagar,2014,Attempt to commit Culpable Homicide,0
Telangana (state),Telangana,Mahaboob Nagar,2014,Attempt to commit Murder,87
Telangana (state),Telangana,Mahaboob Nagar,2014,Attempt to commit Rape,3
Telangana (state),Telangana,Mahaboob Nagar,2014,Auto Theft,179
Telangana (state),Telangana,Mahaboob Nagar,2014,Causing Death by Negligence,818
Telangana (state),Telangana,Mahaboob Nagar,2014,Cheating,252
Telangana (state),Telangana,Mahaboob Nagar,2014,Counterfeit Offences related to Counterfeit Coin,0
Telangana (state),Telangana,Mahaboob Nagar,2014,Counterfeit currency & Bank notes,3
Telangana (state),Telangana,Mahaboob Nagar,2014,Counterfeiting,3
Telangana (state),Telangana,Mahaboob Nagar,2014,Counterfeiting Government Stamp,0
Telangana (state),Telangana,Mahaboob Nagar,2014,Counterfeiting currency notes/Bank notes,3
Telangana (state),Telangana,Mahaboob Nagar,2014,Criminal Breach of Trust,36
Telangana (state),Telangana,Mahaboob Nagar,2014,Criminal Trespass or Burglary,0
Telangana (state),Telangana,Mahaboob Nagar,2014,Criminal Trespass/Burglary,369
Telangana (state),Telangana,Mahaboob Nagar,2014,Cruelty by Husband or his Relatives,209
Telangana (state),Telangana,Mahaboob Nagar,2014,Culpable Homicide not amounting to Murder,27
Telangana (state),Telangana,Mahaboob Nagar,2014,Custodial Rape,0
Telangana (state),Telangana,Mahaboob Nagar,2014,Custodial_Gang Rape,0
Telangana (state),Telangana,Mahaboob Nagar,2014,Custodial_Other Rape,0
Telangana (state),Telangana,Mahaboob Nagar,2014,Dacoity,6
Telangana (state),Telangana,Mahaboob Nagar,2014,Dacoity with Murder,0
Telangana (state),Telangana,Mahaboob Nagar,2014,Deaths due to Other Causes,0
Telangana (state),Telangana,Mahaboob Nagar,2014,Deaths due to negligent driving/act,818
Telangana (state),Telangana,Mahaboob Nagar,2014,Disclosure of Identity of Victims,0
Telangana (state),Telangana,Mahaboob Nagar,2014,Dowry Deaths,30
Telangana (state),Telangana,Mahaboob Nagar,2014,Extortion,0
Telangana (state),Telangana,Mahaboob Nagar,2014,Forgery,0
Telangana (state),Telangana,Mahaboob Nagar,2014,Grievous Hurt,58
Telangana (state),Telangana,Mahaboob Nagar,2014,House Trespass & House Breaking,369
Telangana (state),Telangana,Mahaboob Nagar,2014,HumanTrafficking,0
Telangana (state),Telangana,Mahaboob Nagar,2014,Hurt,58
Telangana (state),Telangana,Mahaboob Nagar,2014,Importation of Girls from Foreign Country,0
Telangana (state),Telangana,Mahaboob Nagar,2014,"Imputation, assertions prejudicial to national integration",0
Telangana (state),Telangana,Mahaboob Nagar,2014,In Public Transport system,0
Telangana (state),Telangana,Mahaboob Nagar,2014,Incidence of Rash Driving,855
Telangana (state),Telangana,Mahaboob Nagar,2014,Insult to the Modesty of Women,47
Telangana (state),Telangana,Mahaboob Nagar,2014,Kidnapping & Abduction,0
Telangana (state),Telangana,Mahaboob Nagar,2014,Kidnapping & Abduction in order to Murder,0
Telangana (state),Telangana,Mahaboob Nagar,2014,Kidnapping & Abduction of Women to compel her for marriage,50
Telangana (state),Telangana,Mahaboob Nagar,2014,Kidnapping & Abduction_Total,63
Telangana (state),Telangana,Mahaboob Nagar,2014,Kidnapping for Ransom,0
Telangana (state),Telangana,Mahaboob Nagar,2014,Making Preparation and Assembly for committing Dacoity,0
Telangana (state),Telangana,Mahaboob Nagar,2014,Making or Possessing materials for forged currency/Bank notes,0
Telangana (state),Telangana,Mahaboob Nagar,2014,Making or Using documents resembling currency,0
Telangana (state),Telangana,Mahaboob Nagar,2014,Murder,240
Telangana (state),Telangana,Mahaboob Nagar,2014,Offences against State,0
Telangana (state),Telangana,Mahaboob Nagar,2014,Offences promoting enmity between different groups,0
Telangana (state),Telangana,Mahaboob Nagar,2014,Other Assault on Women,156
Telangana (state),Telangana,Mahaboob Nagar,2014,Other Dacoity,6
Telangana (state),Telangana,Mahaboob Nagar,2014,Other IPC crimes,2714
Telangana (state),Telangana,Mahaboob Nagar,2014,Other Kidnapping,13
Telangana (state),Telangana,Mahaboob Nagar,2014,Other Thefts,933
Telangana (state),Telangana,Mahaboob Nagar,2014,Other offences against State,0
Telangana (state),Telangana,Mahaboob Nagar,2014,Other places related to work,0
Telangana (state),Telangana,Mahaboob Nagar,2014,"Places other than 231, 232 & 233",47
Telangana (state),Telangana,Mahaboob Nagar,2014,Possession of forged or counterfeiting currency/Bank notes,0
Telangana (state),Telangana,Mahaboob Nagar,2014,Promoting enmity between different groups,0
Telangana (state),Telangana,Mahaboob Nagar,2014,Rape,169
Telangana (state),Telangana,Mahaboob Nagar,2014,Rape other than Custodial,169
Telangana (state),Telangana,Mahaboob Nagar,2014,Rape_Gang Rape,3
Telangana (state),Telangana,Mahaboob Nagar,2014,Rape_Others,166
Telangana (state),Telangana,Mahaboob Nagar,2014,Riots,105
Telangana (state),Telangana,Mahaboob Nagar,2014,Riots_Agrarian,0
Telangana (state),Telangana,Mahaboob Nagar,2014,Riots_Caste Conflict,0
Telangana (state),Telangana,Mahaboob Nagar,2014,Riots_Communal,0
Telangana (state),Telangana,Mahaboob Nagar,2014,Riots_Industrial,0
Telangana (state),Telangana,Mahaboob Nagar,2014,Riots_Other Caste Conflict,0
Telangana (state),Telangana,Mahaboob Nagar,2014,Riots_Others,105
Telangana (state),Telangana,Mahaboob Nagar,2014,Riots_Political,0
Telangana (state),Telangana,Mahaboob Nagar,2014,Riots_SC/STs Vs Non-SCs/STs,0
Telangana (state),Telangana,Mahaboob Nagar,2014,Riots_Sectarian,0
Telangana (state),Telangana,Mahaboob Nagar,2014,Riots_Students,0
Telangana (state),Telangana,Mahaboob Nagar,2014,Robbery,23
Telangana (state),Telangana,Mahaboob Nagar,2014,Sedition,0
Telangana (state),Telangana,Mahaboob Nagar,2014,Sexual Harassment,53
Telangana (state),Telangana,Mahaboob Nagar,2014,Stalking,17
Telangana (state),Telangana,Mahaboob Nagar,2014,Theft,1112
Telangana (state),Telangana,Mahaboob Nagar,2014,Total Cognizable IPC crimes,7533
Telangana (state),Telangana,Mahaboob Nagar,2014,Unlawful Assembly,0
Telangana (state),Telangana,Mahaboob Nagar,2014,Unnatural Offence,0
Telangana (state),Telangana,Mahaboob Nagar,2014,Using forged or counterfeiting currency/Bank notes,0
Telangana (state),Telangana,Mahaboob Nagar,2014,Voyeurism,4
Telangana (state),Telangana,Medak,2014,Acid attack,0
Telangana (state),Telangana,Medak,2014,Arson,45
Telangana (state),Telangana,Medak,2014,Assault on Women with intent to outrage her Modesty,211
Telangana (state),Telangana,Medak,2014,Assault or use of criminal force to women with intent to Disrobe,35
Telangana (state),Telangana,Medak,2014,At Office premises,0
Telangana (state),Telangana,Medak,2014,Attempt to Acid Attack,0
Telangana (state),Telangana,Medak,2014,Attempt to commit Culpable Homicide,0
Telangana (state),Telangana,Medak,2014,Attempt to commit Murder,84
Telangana (state),Telangana,Medak,2014,Attempt to commit Rape,0
Telangana (state),Telangana,Medak,2014,Auto Theft,246
Telangana (state),Telangana,Medak,2014,Causing Death by Negligence,780
Telangana (state),Telangana,Medak,2014,Cheating,312
Telangana (state),Telangana,Medak,2014,Counterfeit Offences related to Counterfeit Coin,0
Telangana (state),Telangana,Medak,2014,Counterfeit currency & Bank notes,2
Telangana (state),Telangana,Medak,2014,Counterfeiting,2
Telangana (state),Telangana,Medak,2014,Counterfeiting Government Stamp,0
Telangana (state),Telangana,Medak,2014,Counterfeiting currency notes/Bank notes,0
Telangana (state),Telangana,Medak,2014,Criminal Breach of Trust,20
Telangana (state),Telangana,Medak,2014,Criminal Trespass or Burglary,302
Telangana (state),Telangana,Medak,2014,Criminal Trespass/Burglary,384
Telangana (state),Telangana,Medak,2014,Cruelty by Husband or his Relatives,346
Telangana (state),Telangana,Medak,2014,Culpable Homicide not amounting to Murder,7
Telangana (state),Telangana,Medak,2014,Custodial Rape,0
Telangana (state),Telangana,Medak,2014,Custodial_Gang Rape,0
Telangana (state),Telangana,Medak,2014,Custodial_Other Rape,0
Telangana (state),Telangana,Medak,2014,Dacoity,5
Telangana (state),Telangana,Medak,2014,Dacoity with Murder,0
Telangana (state),Telangana,Medak,2014,Deaths due to Other Causes,0
Telangana (state),Telangana,Medak,2014,Deaths due to negligent driving/act,780
Telangana (state),Telangana,Medak,2014,Disclosure of Identity of Victims,0
Telangana (state),Telangana,Medak,2014,Dowry Deaths,34
Telangana (state),Telangana,Medak,2014,Extortion,9
Telangana (state),Telangana,Medak,2014,Forgery,0
Telangana (state),Telangana,Medak,2014,Grievous Hurt,49
Telangana (state),Telangana,Medak,2014,House Trespass & House Breaking,82
Telangana (state),Telangana,Medak,2014,HumanTrafficking,0
Telangana (state),Telangana,Medak,2014,Hurt,49
Telangana (state),Telangana,Medak,2014,Importation of Girls from Foreign Country,0
Telangana (state),Telangana,Medak,2014,"Imputation, assertions prejudicial to national integration",0
Telangana (state),Telangana,Medak,2014,In Public Transport system,0
Telangana (state),Telangana,Medak,2014,Incidence of Rash Driving,1005
Telangana (state),Telangana,Medak,2014,Insult to the Modesty of Women,47
Telangana (state),Telangana,Medak,2014,Kidnapping & Abduction,11
Telangana (state),Telangana,Medak,2014,Kidnapping & Abduction in order to Murder,3
Telangana (state),Telangana,Medak,2014,Kidnapping & Abduction of Women to compel her for marriage,10
Telangana (state),Telangana,Medak,2014,Kidnapping & Abduction_Total,59
Telangana (state),Telangana,Medak,2014,Kidnapping for Ransom,0
Telangana (state),Telangana,Medak,2014,Making Preparation and Assembly for committing Dacoity,0
Telangana (state),Telangana,Medak,2014,Making or Possessing materials for forged currency/Bank notes,0
Telangana (state),Telangana,Medak,2014,Making or Using documents resembling currency,0
Telangana (state),Telangana,Medak,2014,Murder,130
Telangana (state),Telangana,Medak,2014,Offences against State,0
Telangana (state),Telangana,Medak,2014,Offences promoting enmity between different groups,0
Telangana (state),Telangana,Medak,2014,Other Assault on Women,123
Telangana (state),Telangana,Medak,2014,Other Dacoity,5
Telangana (state),Telangana,Medak,2014,Other IPC crimes,2496
Telangana (state),Telangana,Medak,2014,Other Kidnapping,35
Telangana (state),Telangana,Medak,2014,Other Thefts,541
Telangana (state),Telangana,Medak,2014,Other offences against State,0
Telangana (state),Telangana,Medak,2014,Other places related to work,0
Telangana (state),Telangana,Medak,2014,"Places other than 231, 232 & 233",47
Telangana (state),Telangana,Medak,2014,Possession of forged or counterfeiting currency/Bank notes,0
Telangana (state),Telangana,Medak,2014,Promoting enmity between different groups,0
Telangana (state),Telangana,Medak,2014,Rape,60
Telangana (state),Telangana,Medak,2014,Rape other than Custodial,60
Telangana (state),Telangana,Medak,2014,Rape_Gang Rape,3
Telangana (state),Telangana,Medak,2014,Rape_Others,57
Telangana (state),Telangana,Medak,2014,Riots,39
Telangana (state),Telangana,Medak,2014,Riots_Agrarian,0
Telangana (state),Telangana,Medak,2014,Riots_Caste Conflict,0
Telangana (state),Telangana,Medak,2014,Riots_Communal,0
Telangana (state),Telangana,Medak,2014,Riots_Industrial,0
Telangana (state),Telangana,Medak,2014,Riots_Other Caste Conflict,0
Telangana (state),Telangana,Medak,2014,Riots_Others,39
Telangana (state),Telangana,Medak,2014,Riots_Political,0
Telangana (state),Telangana,Medak,2014,Riots_SC/STs Vs Non-SCs/STs,0
Telangana (state),Telangana,Medak,2014,Riots_Sectarian,0
Telangana (state),Telangana,Medak,2014,Riots_Students,0
Telangana (state),Telangana,Medak,2014,Robbery,20
Telangana (state),Telangana,Medak,2014,Sedition,0
Telangana (state),Telangana,Medak,2014,Sexual Harassment,27
Telangana (state),Telangana,Medak,2014,Stalking,26
Telangana (state),Telangana,Medak,2014,Theft,787
Telangana (state),Telangana,Medak,2014,Total Cognizable IPC crimes,6931
Telangana (state),Telangana,Medak,2014,Unlawful Assembly,0
Telangana (state),Telangana,Medak,2014,Unnatural Offence,0
Telangana (state),Telangana,Medak,2014,Using forged or counterfeiting currency/Bank notes,2
Telangana (state),Telangana,Medak,2014,Voyeurism,0
Telangana (state),Telangana,Nalgonda,2014,Acid attack,0
Telangana (state),Telangana,Nalgonda,2014,Arson,67
Telangana (state),Telangana,Nalgonda,2014,Assault on Women with intent to outrage her Modesty,447
Telangana (state),Telangana,Nalgonda,2014,Assault or use of criminal force to women with intent to Disrobe,38
Telangana (state),Telangana,Nalgonda,2014,At Office premises,0
Telangana (state),Telangana,Nalgonda,2014,Attempt to Acid Attack,0
Telangana (state),Telangana,Nalgonda,2014,Attempt to commit Culpable Homicide,0
Telangana (state),Telangana,Nalgonda,2014,Attempt to commit Murder,148
Telangana (state),Telangana,Nalgonda,2014,Attempt to commit Rape,19
Telangana (state),Telangana,Nalgonda,2014,Auto Theft,204
Telangana (state),Telangana,Nalgonda,2014,Causing Death by Negligence,732
Telangana (state),Telangana,Nalgonda,2014,Cheating,342
Telangana (state),Telangana,Nalgonda,2014,Counterfeit Offences related to Counterfeit Coin,0
Telangana (state),Telangana,Nalgonda,2014,Counterfeit currency & Bank notes,2
Telangana (state),Telangana,Nalgonda,2014,Counterfeiting,2
Telangana (state),Telangana,Nalgonda,2014,Counterfeiting Government Stamp,0
Telangana (state),Telangana,Nalgonda,2014,Counterfeiting currency notes/Bank notes,0
Telangana (state),Telangana,Nalgonda,2014,Criminal Breach of Trust,65
Telangana (state),Telangana,Nalgonda,2014,Criminal Trespass or Burglary,0
Telangana (state),Telangana,Nalgonda,2014,Criminal Trespass/Burglary,383
Telangana (state),Telangana,Nalgonda,2014,Cruelty by Husband or his Relatives,262
Telangana (state),Telangana,Nalgonda,2014,Culpable Homicide not amounting to Murder,9
Telangana (state),Telangana,Nalgonda,2014,Custodial Rape,0
Telangana (state),Telangana,Nalgonda,2014,Custodial_Gang Rape,0
Telangana (state),Telangana,Nalgonda,2014,Custodial_Other Rape,0
Telangana (state),Telangana,Nalgonda,2014,Dacoity,6
Telangana (state),Telangana,Nalgonda,2014,Dacoity with Murder,0
Telangana (state),Telangana,Nalgonda,2014,Deaths due to Other Causes,0
Telangana (state),Telangana,Nalgonda,2014,Deaths due to negligent driving/act,732
Telangana (state),Telangana,Nalgonda,2014,Disclosure of Identity of Victims,0
Telangana (state),Telangana,Nalgonda,2014,Dowry Deaths,23
Telangana (state),Telangana,Nalgonda,2014,Extortion,8
Telangana (state),Telangana,Nalgonda,2014,Forgery,0
Telangana (state),Telangana,Nalgonda,2014,Grievous Hurt,152
Telangana (state),Telangana,Nalgonda,2014,House Trespass & House Breaking,383
Telangana (state),Telangana,Nalgonda,2014,HumanTrafficking,0
Telangana (state),Telangana,Nalgonda,2014,Hurt,152
Telangana (state),Telangana,Nalgonda,2014,Importation of Girls from Foreign Country,0
Telangana (state),Telangana,Nalgonda,2014,"Imputation, assertions prejudicial to national integration",0
Telangana (state),Telangana,Nalgonda,2014,In Public Transport system,0
Telangana (state),Telangana,Nalgonda,2014,Incidence of Rash Driving,1303
Telangana (state),Telangana,Nalgonda,2014,Insult to the Modesty of Women,174
Telangana (state),Telangana,Nalgonda,2014,Kidnapping & Abduction,24
Telangana (state),Telangana,Nalgonda,2014,Kidnapping & Abduction in order to Murder,0
Telangana (state),Telangana,Nalgonda,2014,Kidnapping & Abduction of Women to compel her for marriage,0
Telangana (state),Telangana,Nalgonda,2014,Kidnapping & Abduction_Total,95
Telangana (state),Telangana,Nalgonda,2014,Kidnapping for Ransom,0
Telangana (state),Telangana,Nalgonda,2014,Making Preparation and Assembly for committing Dacoity,0
Telangana (state),Telangana,Nalgonda,2014,Making or Possessing materials for forged currency/Bank notes,0
Telangana (state),Telangana,Nalgonda,2014,Making or Using documents resembling currency,0
Telangana (state),Telangana,Nalgonda,2014,Murder,114
Telangana (state),Telangana,Nalgonda,2014,Offences against State,0
Telangana (state),Telangana,Nalgonda,2014,Offences promoting enmity between different groups,0
Telangana (state),Telangana,Nalgonda,2014,Other Assault on Women,230
Telangana (state),Telangana,Nalgonda,2014,Other Dacoity,6
Telangana (state),Telangana,Nalgonda,2014,Other IPC crimes,3884
Telangana (state),Telangana,Nalgonda,2014,Other Kidnapping,71
Telangana (state),Telangana,Nalgonda,2014,Other Thefts,518
Telangana (state),Telangana,Nalgonda,2014,Other offences against State,0
Telangana (state),Telangana,Nalgonda,2014,Other places related to work,0
Telangana (state),Telangana,Nalgonda,2014,"Places other than 231, 232 & 233",174
Telangana (state),Telangana,Nalgonda,2014,Possession of forged or counterfeiting currency/Bank notes,0
Telangana (state),Telangana,Nalgonda,2014,Promoting enmity between different groups,0
Telangana (state),Telangana,Nalgonda,2014,Rape,126
Telangana (state),Telangana,Nalgonda,2014,Rape other than Custodial,126
Telangana (state),Telangana,Nalgonda,2014,Rape_Gang Rape,1
Telangana (state),Telangana,Nalgonda,2014,Rape_Others,125
Telangana (state),Telangana,Nalgonda,2014,Riots,129
Telangana (state),Telangana,Nalgonda,2014,Riots_Agrarian,0
Telangana (state),Telangana,Nalgonda,2014,Riots_Caste Conflict,0
Telangana (state),Telangana,Nalgonda,2014,Riots_Communal,0
Telangana (state),Telangana,Nalgonda,2014,Riots_Industrial,0
Telangana (state),Telangana,Nalgonda,2014,Riots_Other Caste Conflict,0
Telangana (state),Telangana,Nalgonda,2014,Riots_Others,129
Telangana (state),Telangana,Nalgonda,2014,Riots_Political,0
Telangana (state),Telangana,Nalgonda,2014,Riots_SC/STs Vs Non-SCs/STs,0
Telangana (state),Telangana,Nalgonda,2014,Riots_Sectarian,0
Telangana (state),Telangana,Nalgonda,2014,Riots_Students,0
Telangana (state),Telangana,Nalgonda,2014,Robbery,30
Telangana (state),Telangana,Nalgonda,2014,Sedition,0
Telangana (state),Telangana,Nalgonda,2014,Sexual Harassment,72
Telangana (state),Telangana,Nalgonda,2014,Stalking,105
Telangana (state),Telangana,Nalgonda,2014,Theft,722
Telangana (state),Telangana,Nalgonda,2014,Total Cognizable IPC crimes,9254
Telangana (state),Telangana,Nalgonda,2014,Unlawful Assembly,12
Telangana (state),Telangana,Nalgonda,2014,Unnatural Offence,0
Telangana (state),Telangana,Nalgonda,2014,Using forged or counterfeiting currency/Bank notes,2
Telangana (state),Telangana,Nalgonda,2014,Voyeurism,2
Telangana (state),Telangana,Nizamabad,2014,Acid attack,0
Telangana (state),Telangana,Nizamabad,2014,Arson,65
Telangana (state),Telangana,Nizamabad,2014,Assault on Women with intent to outrage her Modesty,163
Telangana (state),Telangana,Nizamabad,2014,Assault or use of criminal force to women with intent to Disrobe,2
Telangana (state),Telangana,Nizamabad,2014,At Office premises,0
Telangana (state),Telangana,Nizamabad,2014,Attempt to Acid Attack,0
Telangana (state),Telangana,Nizamabad,2014,Attempt to commit Culpable Homicide,0
Telangana (state),Telangana,Nizamabad,2014,Attempt to commit Murder,60
Telangana (state),Telangana,Nizamabad,2014,Attempt to commit Rape,4
Telangana (state),Telangana,Nizamabad,2014,Auto Theft,278
Telangana (state),Telangana,Nizamabad,2014,Causing Death by Negligence,560
Telangana (state),Telangana,Nizamabad,2014,Cheating,306
Telangana (state),Telangana,Nizamabad,2014,Counterfeit Offences related to Counterfeit Coin,0
Telangana (state),Telangana,Nizamabad,2014,Counterfeit currency & Bank notes,2
Telangana (state),Telangana,Nizamabad,2014,Counterfeiting,2
Telangana (state),Telangana,Nizamabad,2014,Counterfeiting Government Stamp,0
Telangana (state),Telangana,Nizamabad,2014,Counterfeiting currency notes/Bank notes,0
Telangana (state),Telangana,Nizamabad,2014,Criminal Breach of Trust,26
Telangana (state),Telangana,Nizamabad,2014,Criminal Trespass or Burglary,357
Telangana (state),Telangana,Nizamabad,2014,Criminal Trespass/Burglary,416
Telangana (state),Telangana,Nizamabad,2014,Cruelty by Husband or his Relatives,658
Telangana (state),Telangana,Nizamabad,2014,Culpable Homicide not amounting to Murder,12
Telangana (state),Telangana,Nizamabad,2014,Custodial Rape,0
Telangana (state),Telangana,Nizamabad,2014,Custodial_Gang Rape,0
Telangana (state),Telangana,Nizamabad,2014,Custodial_Other Rape,0
Telangana (state),Telangana,Nizamabad,2014,Dacoity,5
Telangana (state),Telangana,Nizamabad,2014,Dacoity with Murder,0
Telangana (state),Telangana,Nizamabad,2014,Deaths due to Other Causes,31
Telangana (state),Telangana,Nizamabad,2014,Deaths due to negligent driving/act,529
Telangana (state),Telangana,Nizamabad,2014,Disclosure of Identity of Victims,0
Telangana (state),Telangana,Nizamabad,2014,Dowry Deaths,25
Telangana (state),Telangana,Nizamabad,2014,Extortion,21
Telangana (state),Telangana,Nizamabad,2014,Forgery,15
Telangana (state),Telangana,Nizamabad,2014,Grievous Hurt,64
Telangana (state),Telangana,Nizamabad,2014,House Trespass & House Breaking,59
Telangana (state),Telangana,Nizamabad,2014,HumanTrafficking,0
Telangana (state),Telangana,Nizamabad,2014,Hurt,64
Telangana (state),Telangana,Nizamabad,2014,Importation of Girls from Foreign Country,0
Telangana (state),Telangana,Nizamabad,2014,"Imputation, assertions prejudicial to national integration",0
Telangana (state),Telangana,Nizamabad,2014,In Public Transport system,0
Telangana (state),Telangana,Nizamabad,2014,Incidence of Rash Driving,969
Telangana (state),Telangana,Nizamabad,2014,Insult to the Modesty of Women,145
Telangana (state),Telangana,Nizamabad,2014,Kidnapping & Abduction,14
Telangana (state),Telangana,Nizamabad,2014,Kidnapping & Abduction in order to Murder,0
Telangana (state),Telangana,Nizamabad,2014,Kidnapping & Abduction of Women to compel her for marriage,11
Telangana (state),Telangana,Nizamabad,2014,Kidnapping & Abduction_Total,57
Telangana (state),Telangana,Nizamabad,2014,Kidnapping for Ransom,0
Telangana (state),Telangana,Nizamabad,2014,Making Preparation and Assembly for committing Dacoity,0
Telangana (state),Telangana,Nizamabad,2014,Making or Possessing materials for forged currency/Bank notes,0
Telangana (state),Telangana,Nizamabad,2014,Making or Using documents resembling currency,0
Telangana (state),Telangana,Nizamabad,2014,Murder,122
Telangana (state),Telangana,Nizamabad,2014,Offences against State,0
Telangana (state),Telangana,Nizamabad,2014,Offences promoting enmity between different groups,5
Telangana (state),Telangana,Nizamabad,2014,Other Assault on Women,128
Telangana (state),Telangana,Nizamabad,2014,Other Dacoity,5
Telangana (state),Telangana,Nizamabad,2014,Other IPC crimes,2529
Telangana (state),Telangana,Nizamabad,2014,Other Kidnapping,32
Telangana (state),Telangana,Nizamabad,2014,Other Thefts,434
Telangana (state),Telangana,Nizamabad,2014,Other offences against State,0
Telangana (state),Telangana,Nizamabad,2014,Other places related to work,0
Telangana (state),Telangana,Nizamabad,2014,"Places other than 231, 232 & 233",145
Telangana (state),Telangana,Nizamabad,2014,Possession of forged or counterfeiting currency/Bank notes,0
Telangana (state),Telangana,Nizamabad,2014,Promoting enmity between different groups,5
Telangana (state),Telangana,Nizamabad,2014,Rape,36
Telangana (state),Telangana,Nizamabad,2014,Rape other than Custodial,36
Telangana (state),Telangana,Nizamabad,2014,Rape_Gang Rape,0
Telangana (state),Telangana,Nizamabad,2014,Rape_Others,36
Telangana (state),Telangana,Nizamabad,2014,Riots,46
Telangana (state),Telangana,Nizamabad,2014,Riots_Agrarian,0
Telangana (state),Telangana,Nizamabad,2014,Riots_Caste Conflict,2
Telangana (state),Telangana,Nizamabad,2014,Riots_Communal,2
Telangana (state),Telangana,Nizamabad,2014,Riots_Industrial,0
Telangana (state),Telangana,Nizamabad,2014,Riots_Other Caste Conflict,0
Telangana (state),Telangana,Nizamabad,2014,Riots_Others,39
Telangana (state),Telangana,Nizamabad,2014,Riots_Political,3
Telangana (state),Telangana,Nizamabad,2014,Riots_SC/STs Vs Non-SCs/STs,2
Telangana (state),Telangana,Nizamabad,2014,Riots_Sectarian,0
Telangana (state),Telangana,Nizamabad,2014,Riots_Students,0
Telangana (state),Telangana,Nizamabad,2014,Robbery,21
Telangana (state),Telangana,Nizamabad,2014,Sedition,0
Telangana (state),Telangana,Nizamabad,2014,Sexual Harassment,20
Telangana (state),Telangana,Nizamabad,2014,Stalking,10
Telangana (state),Telangana,Nizamabad,2014,Theft,712
Telangana (state),Telangana,Nizamabad,2014,Total Cognizable IPC crimes,7053
Telangana (state),Telangana,Nizamabad,2014,Unlawful Assembly,8
Telangana (state),Telangana,Nizamabad,2014,Unnatural Offence,1
Telangana (state),Telangana,Nizamabad,2014,Using forged or counterfeiting currency/Bank notes,2
Telangana (state),Telangana,Nizamabad,2014,Voyeurism,3
Telangana (state),Telangana,Ranga Reddy,2014,Acid attack,0
Telangana (state),Telangana,Ranga Reddy,2014,Arson,36
Telangana (state),Telangana,Ranga Reddy,2014,Assault on Women with intent to outrage her Modesty,83
Telangana (state),Telangana,Ranga Reddy,2014,Assault or use of criminal force to women with intent to Disrobe,3
Telangana (state),Telangana,Ranga Reddy,2014,At Office premises,0
Telangana (state),Telangana,Ranga Reddy,2014,Attempt to Acid Attack,0
Telangana (state),Telangana,Ranga Reddy,2014,Attempt to commit Culpable Homicide,0
Telangana (state),Telangana,Ranga Reddy,2014,Attempt to commit Murder,43
Telangana (state),Telangana,Ranga Reddy,2014,Attempt to commit Rape,1
Telangana (state),Telangana,Ranga Reddy,2014,Auto Theft,26
Telangana (state),Telangana,Ranga Reddy,2014,Causing Death by Negligence,245
Telangana (state),Telangana,Ranga Reddy,2014,Cheating,81
Telangana (state),Telangana,Ranga Reddy,2014,Counterfeit Offences related to Counterfeit Coin,0
Telangana (state),Telangana,Ranga Reddy,2014,Counterfeit currency & Bank notes,0
Telangana (state),Telangana,Ranga Reddy,2014,Counterfeiting,0
Telangana (state),Telangana,Ranga Reddy,2014,Counterfeiting Government Stamp,0
Telangana (state),Telangana,Ranga Reddy,2014,Counterfeiting currency notes/Bank notes,0
Telangana (state),Telangana,Ranga Reddy,2014,Criminal Breach of Trust,2
Telangana (state),Telangana,Ranga Reddy,2014,Criminal Trespass or Burglary,91
Telangana (state),Telangana,Ranga Reddy,2014,Criminal Trespass/Burglary,106
Telangana (state),Telangana,Ranga Reddy,2014,Cruelty by Husband or his Relatives,192
Telangana (state),Telangana,Ranga Reddy,2014,Culpable Homicide not amounting to Murder,5
Telangana (state),Telangana,Ranga Reddy,2014,Custodial Rape,0
Telangana (state),Telangana,Ranga Reddy,2014,Custodial_Gang Rape,0
Telangana (state),Telangana,Ranga Reddy,2014,Custodial_Other Rape,0
Telangana (state),Telangana,Ranga Reddy,2014,Dacoity,1
Telangana (state),Telangana,Ranga Reddy,2014,Dacoity with Murder,0
Telangana (state),Telangana,Ranga Reddy,2014,Deaths due to Other Causes,16
Telangana (state),Telangana,Ranga Reddy,2014,Deaths due to negligent driving/act,229
Telangana (state),Telangana,Ranga Reddy,2014,Disclosure of Identity of Victims,0
Telangana (state),Telangana,Ranga Reddy,2014,Dowry Deaths,10
Telangana (state),Telangana,Ranga Reddy,2014,Extortion,2
Telangana (state),Telangana,Ranga Reddy,2014,Forgery,1
Telangana (state),Telangana,Ranga Reddy,2014,Grievous Hurt,28
Telangana (state),Telangana,Ranga Reddy,2014,House Trespass & House Breaking,15
Telangana (state),Telangana,Ranga Reddy,2014,HumanTrafficking,0
Telangana (state),Telangana,Ranga Reddy,2014,Hurt,28
Telangana (state),Telangana,Ranga Reddy,2014,Importation of Girls from Foreign Country,0
Telangana (state),Telangana,Ranga Reddy,2014,"Imputation, assertions prejudicial to national integration",0
Telangana (state),Telangana,Ranga Reddy,2014,In Public Transport system,0
Telangana (state),Telangana,Ranga Reddy,2014,Incidence of Rash Driving,232
Telangana (state),Telangana,Ranga Reddy,2014,Insult to the Modesty of Women,18
Telangana (state),Telangana,Ranga Reddy,2014,Kidnapping & Abduction,20
Telangana (state),Telangana,Ranga Reddy,2014,Kidnapping & Abduction in order to Murder,0
Telangana (state),Telangana,Ranga Reddy,2014,Kidnapping & Abduction of Women to compel her for marriage,10
Telangana (state),Telangana,Ranga Reddy,2014,Kidnapping & Abduction_Total,35
Telangana (state),Telangana,Ranga Reddy,2014,Kidnapping for Ransom,0
Telangana (state),Telangana,Ranga Reddy,2014,Making Preparation and Assembly for committing Dacoity,0
Telangana (state),Telangana,Ranga Reddy,2014,Making or Possessing materials for forged currency/Bank notes,0
Telangana (state),Telangana,Ranga Reddy,2014,Making or Using documents resembling currency,0
Telangana (state),Telangana,Ranga Reddy,2014,Murder,77
Telangana (state),Telangana,Ranga Reddy,2014,Offences against State,0
Telangana (state),Telangana,Ranga Reddy,2014,Offences promoting enmity between different groups,0
Telangana (state),Telangana,Ranga Reddy,2014,Other Assault on Women,53
Telangana (state),Telangana,Ranga Reddy,2014,Other Dacoity,1
Telangana (state),Telangana,Ranga Reddy,2014,Other IPC crimes,862
Telangana (state),Telangana,Ranga Reddy,2014,Other Kidnapping,5
Telangana (state),Telangana,Ranga Reddy,2014,Other Thefts,157
Telangana (state),Telangana,Ranga Reddy,2014,Other offences against State,0
Telangana (state),Telangana,Ranga Reddy,2014,Other places related to work,11
Telangana (state),Telangana,Ranga Reddy,2014,"Places other than 231, 232 & 233",7
Telangana (state),Telangana,Ranga Reddy,2014,Possession of forged or counterfeiting currency/Bank notes,0
Telangana (state),Telangana,Ranga Reddy,2014,Promoting enmity between different groups,0
Telangana (state),Telangana,Ranga Reddy,2014,Rape,51
Telangana (state),Telangana,Ranga Reddy,2014,Rape other than Custodial,51
Telangana (state),Telangana,Ranga Reddy,2014,Rape_Gang Rape,0
Telangana (state),Telangana,Ranga Reddy,2014,Rape_Others,51
Telangana (state),Telangana,Ranga Reddy,2014,Riots,2
Telangana (state),Telangana,Ranga Reddy,2014,Riots_Agrarian,0
Telangana (state),Telangana,Ranga Reddy,2014,Riots_Caste Conflict,2
Telangana (state),Telangana,Ranga Reddy,2014,Riots_Communal,0
Telangana (state),Telangana,Ranga Reddy,2014,Riots_Industrial,0
Telangana (state),Telangana,Ranga Reddy,2014,Riots_Other Caste Conflict,2
Telangana (state),Telangana,Ranga Reddy,2014,Riots_Others,0
Telangana (state),Telangana,Ranga Reddy,2014,Riots_Political,0
Telangana (state),Telangana,Ranga Reddy,2014,Riots_SC/STs Vs Non-SCs/STs,0
Telangana (state),Telangana,Ranga Reddy,2014,Riots_Sectarian,0
Telangana (state),Telangana,Ranga Reddy,2014,Riots_Students,0
Telangana (state),Telangana,Ranga Reddy,2014,Robbery,12
Telangana (state),Telangana,Ranga Reddy,2014,Sedition,0
Telangana (state),Telangana,Ranga Reddy,2014,Sexual Harassment,9
Telangana (state),Telangana,Ranga Reddy,2014,Stalking,14
Telangana (state),Telangana,Ranga Reddy,2014,Theft,183
Telangana (state),Telangana,Ranga Reddy,2014,Total Cognizable IPC crimes,2309
Telangana (state),Telangana,Ranga Reddy,2014,Unlawful Assembly,0
Telangana (state),Telangana,Ranga Reddy,2014,Unnatural Offence,1
Telangana (state),Telangana,Ranga Reddy,2014,Using forged or counterfeiting currency/Bank notes,0
Telangana (state),Telangana,Ranga Reddy,2014,Voyeurism,4
Telangana (state),Telangana,Secunderabad Railway,2014,Acid attack,0
Telangana (state),Telangana,Secunderabad Railway,2014,Arson,0
Telangana (state),Telangana,Secunderabad Railway,2014,Assault on Women with intent to outrage her Modesty,5
Telangana (state),Telangana,Secunderabad Railway,2014,Assault or use of criminal force to women with intent to Disrobe,0
Telangana (state),Telangana,Secunderabad Railway,2014,At Office premises,0
Telangana (state),Telangana,Secunderabad Railway,2014,Attempt to Acid Attack,0
Telangana (state),Telangana,Secunderabad Railway,2014,Attempt to commit Culpable Homicide,0
Telangana (state),Telangana,Secunderabad Railway,2014,Attempt to commit Murder,2
Telangana (state),Telangana,Secunderabad Railway,2014,Attempt to commit Rape,0
Telangana (state),Telangana,Secunderabad Railway,2014,Auto Theft,0
Telangana (state),Telangana,Secunderabad Railway,2014,Causing Death by Negligence,1
Telangana (state),Telangana,Secunderabad Railway,2014,Cheating,4
Telangana (state),Telangana,Secunderabad Railway,2014,Counterfeit Offences related to Counterfeit Coin,0
Telangana (state),Telangana,Secunderabad Railway,2014,Counterfeit currency & Bank notes,2
Telangana (state),Telangana,Secunderabad Railway,2014,Counterfeiting,2
Telangana (state),Telangana,Secunderabad Railway,2014,Counterfeiting Government Stamp,0
Telangana (state),Telangana,Secunderabad Railway,2014,Counterfeiting currency notes/Bank notes,2
Telangana (state),Telangana,Secunderabad Railway,2014,Criminal Breach of Trust,2
Telangana (state),Telangana,Secunderabad Railway,2014,Criminal Trespass or Burglary,0
Telangana (state),Telangana,Secunderabad Railway,2014,Criminal Trespass/Burglary,1
Telangana (state),Telangana,Secunderabad Railway,2014,Cruelty by Husband or his Relatives,0
Telangana (state),Telangana,Secunderabad Railway,2014,Culpable Homicide not amounting to Murder,0
Telangana (state),Telangana,Secunderabad Railway,2014,Custodial Rape,0
Telangana (state),Telangana,Secunderabad Railway,2014,Custodial_Gang Rape,0
Telangana (state),Telangana,Secunderabad Railway,2014,Custodial_Other Rape,0
Telangana (state),Telangana,Secunderabad Railway,2014,Dacoity,0
Telangana (state),Telangana,Secunderabad Railway,2014,Dacoity with Murder,0
Telangana (state),Telangana,Secunderabad Railway,2014,Deaths due to Other Causes,0
Telangana (state),Telangana,Secunderabad Railway,2014,Deaths due to negligent driving/act,1
Telangana (state),Telangana,Secunderabad Railway,2014,Disclosure of Identity of Victims,0
Telangana (state),Telangana,Secunderabad Railway,2014,Dowry Deaths,0
Telangana (state),Telangana,Secunderabad Railway,2014,Extortion,1
Telangana (state),Telangana,Secunderabad Railway,2014,Forgery,0
Telangana (state),Telangana,Secunderabad Railway,2014,Grievous Hurt,0
Telangana (state),Telangana,Secunderabad Railway,2014,House Trespass & House Breaking,1
Telangana (state),Telangana,Secunderabad Railway,2014,HumanTrafficking,0
Telangana (state),Telangana,Secunderabad Railway,2014,Hurt,0
Telangana (state),Telangana,Secunderabad Railway,2014,Importation of Girls from Foreign Country,0
Telangana (state),Telangana,Secunderabad Railway,2014,"Imputation, assertions prejudicial to national integration",0
Telangana (state),Telangana,Secunderabad Railway,2014,In Public Transport system,0
Telangana (state),Telangana,Secunderabad Railway,2014,Incidence of Rash Driving,0
Telangana (state),Telangana,Secunderabad Railway,2014,Insult to the Modesty of Women,0
Telangana (state),Telangana,Secunderabad Railway,2014,Kidnapping & Abduction,1
Telangana (state),Telangana,Secunderabad Railway,2014,Kidnapping & Abduction in order to Murder,0
Telangana (state),Telangana,Secunderabad Railway,2014,Kidnapping & Abduction of Women to compel her for marriage,0
Telangana (state),Telangana,Secunderabad Railway,2014,Kidnapping & Abduction_Total,1
Telangana (state),Telangana,Secunderabad Railway,2014,Kidnapping for Ransom,0
Telangana (state),Telangana,Secunderabad Railway,2014,Making Preparation and Assembly for committing Dacoity,0
Telangana (state),Telangana,Secunderabad Railway,2014,Making or Possessing materials for forged currency/Bank notes,0
Telangana (state),Telangana,Secunderabad Railway,2014,Making or Using documents resembling currency,0
Telangana (state),Telangana,Secunderabad Railway,2014,Murder,4
Telangana (state),Telangana,Secunderabad Railway,2014,Offences against State,0
Telangana (state),Telangana,Secunderabad Railway,2014,Offences promoting enmity between different groups,0
Telangana (state),Telangana,Secunderabad Railway,2014,Other Assault on Women,0
Telangana (state),Telangana,Secunderabad Railway,2014,Other Dacoity,0
Telangana (state),Telangana,Secunderabad Railway,2014,Other IPC crimes,72
Telangana (state),Telangana,Secunderabad Railway,2014,Other Kidnapping,0
Telangana (state),Telangana,Secunderabad Railway,2014,Other Thefts,760
Telangana (state),Telangana,Secunderabad Railway,2014,Other offences against State,0
Telangana (state),Telangana,Secunderabad Railway,2014,Other places related to work,0
Telangana (state),Telangana,Secunderabad Railway,2014,"Places other than 231, 232 & 233",0
Telangana (state),Telangana,Secunderabad Railway,2014,Possession of forged or counterfeiting currency/Bank notes,0
Telangana (state),Telangana,Secunderabad Railway,2014,Promoting enmity between different groups,0
Telangana (state),Telangana,Secunderabad Railway,2014,Rape,2
Telangana (state),Telangana,Secunderabad Railway,2014,Rape other than Custodial,2
Telangana (state),Telangana,Secunderabad Railway,2014,Rape_Gang Rape,0
Telangana (state),Telangana,Secunderabad Railway,2014,Rape_Others,2
Telangana (state),Telangana,Secunderabad Railway,2014,Riots,0
Telangana (state),Telangana,Secunderabad Railway,2014,Riots_Agrarian,0
Telangana (state),Telangana,Secunderabad Railway,2014,Riots_Caste Conflict,0
Telangana (state),Telangana,Secunderabad Railway,2014,Riots_Communal,0
Telangana (state),Telangana,Secunderabad Railway,2014,Riots_Industrial,0
Telangana (state),Telangana,Secunderabad Railway,2014,Riots_Other Caste Conflict,0
Telangana (state),Telangana,Secunderabad Railway,2014,Riots_Others,0
Telangana (state),Telangana,Secunderabad Railway,2014,Riots_Political,0
Telangana (state),Telangana,Secunderabad Railway,2014,Riots_SC/STs Vs Non-SCs/STs,0
Telangana (state),Telangana,Secunderabad Railway,2014,Riots_Sectarian,0
Telangana (state),Telangana,Secunderabad Railway,2014,Riots_Students,0
Telangana (state),Telangana,Secunderabad Railway,2014,Robbery,3
Telangana (state),Telangana,Secunderabad Railway,2014,Sedition,0
Telangana (state),Telangana,Secunderabad Railway,2014,Sexual Harassment,5
Telangana (state),Telangana,Secunderabad Railway,2014,Stalking,0
Telangana (state),Telangana,Secunderabad Railway,2014,Theft,760
Telangana (state),Telangana,Secunderabad Railway,2014,Total Cognizable IPC crimes,860
Telangana (state),Telangana,Secunderabad Railway,2014,Unlawful Assembly,0
Telangana (state),Telangana,Secunderabad Railway,2014,Unnatural Offence,0
Telangana (state),Telangana,Secunderabad Railway,2014,Using forged or counterfeiting currency/Bank notes,0
Telangana (state),Telangana,Secunderabad Railway,2014,Voyeurism,0
Telangana (state),Telangana,Total,2014,Acid attack,1
Telangana (state),Telangana,Total,2014,Arson,482
Telangana (state),Telangana,Total,2014,Assault on Women with intent to outrage her Modesty,3188
Telangana (state),Telangana,Total,2014,Assault or use of criminal force to women with intent to Disrobe,176
Telangana (state),Telangana,Total,2014,At Office premises,5
Telangana (state),Telangana,Total,2014,Attempt to Acid Attack,0
Telangana (state),Telangana,Total,2014,Attempt to commit Culpable Homicide,1
Telangana (state),Telangana,Total,2014,Attempt to commit Murder,1062
Telangana (state),Telangana,Total,2014,Attempt to commit Rape,73
Telangana (state),Telangana,Total,2014,Auto Theft,4835
Telangana (state),Telangana,Total,2014,Causing Death by Negligence,6514
Telangana (state),Telangana,Total,2014,Cheating,8519
Telangana (state),Telangana,Total,2014,Counterfeit Offences related to Counterfeit Coin,0
Telangana (state),Telangana,Total,2014,Counterfeit currency & Bank notes,68
Telangana (state),Telangana,Total,2014,Counterfeiting,68
Telangana (state),Telangana,Total,2014,Counterfeiting Government Stamp,0
Telangana (state),Telangana,Total,2014,Counterfeiting currency notes/Bank notes,21
Telangana (state),Telangana,Total,2014,Criminal Breach of Trust,635
Telangana (state),Telangana,Total,2014,Criminal Trespass or Burglary,3305
Telangana (state),Telangana,Total,2014,Criminal Trespass/Burglary,4949
Telangana (state),Telangana,Total,2014,Cruelty by Husband or his Relatives,6369
Telangana (state),Telangana,Total,2014,Culpable Homicide not amounting to Murder,123
Telangana (state),Telangana,Total,2014,Custodial Rape,0
Telangana (state),Telangana,Total,2014,Custodial_Gang Rape,0
Telangana (state),Telangana,Total,2014,Custodial_Other Rape,0
Telangana (state),Telangana,Total,2014,Dacoity,59
Telangana (state),Telangana,Total,2014,Dacoity with Murder,1
Telangana (state),Telangana,Total,2014,Deaths due to Other Causes,158
Telangana (state),Telangana,Total,2014,Deaths due to negligent driving/act,6356
Telangana (state),Telangana,Total,2014,Disclosure of Identity of Victims,0
Telangana (state),Telangana,Total,2014,Dowry Deaths,289
Telangana (state),Telangana,Total,2014,Extortion,171
Telangana (state),Telangana,Total,2014,Forgery,191
Telangana (state),Telangana,Total,2014,Grievous Hurt,1057
Telangana (state),Telangana,Total,2014,House Trespass & House Breaking,1644
Telangana (state),Telangana,Total,2014,HumanTrafficking,60
Telangana (state),Telangana,Total,2014,Hurt,1056
Telangana (state),Telangana,Total,2014,Importation of Girls from Foreign Country,0
Telangana (state),Telangana,Total,2014,"Imputation, assertions prejudicial to national integration",0
Telangana (state),Telangana,Total,2014,In Public Transport system,3
Telangana (state),Telangana,Total,2014,Incidence of Rash Driving,14953
Telangana (state),Telangana,Total,2014,Insult to the Modesty of Women,1142
Telangana (state),Telangana,Total,2014,Kidnapping & Abduction,432
Telangana (state),Telangana,Total,2014,Kidnapping & Abduction in order to Murder,5
Telangana (state),Telangana,Total,2014,Kidnapping & Abduction of Women to compel her for marriage,247
Telangana (state),Telangana,Total,2014,Kidnapping & Abduction_Total,1152
Telangana (state),Telangana,Total,2014,Kidnapping for Ransom,5
Telangana (state),Telangana,Total,2014,Making Preparation and Assembly for committing Dacoity,1
Telangana (state),Telangana,Total,2014,Making or Possessing materials for forged currency/Bank notes,1
Telangana (state),Telangana,Total,2014,Making or Using documents resembling currency,0
Telangana (state),Telangana,Total,2014,Murder,1308
Telangana (state),Telangana,Total,2014,Offences against State,3
Telangana (state),Telangana,Total,2014,Offences promoting enmity between different groups,18
Telangana (state),Telangana,Total,2014,Other Assault on Women,1921
Telangana (state),Telangana,Total,2014,Other Dacoity,58
Telangana (state),Telangana,Total,2014,Other IPC crimes,37013
Telangana (state),Telangana,Total,2014,Other Kidnapping,463
Telangana (state),Telangana,Total,2014,Other Thefts,10507
Telangana (state),Telangana,Total,2014,Other offences against State,3
Telangana (state),Telangana,Total,2014,Other places related to work,43
Telangana (state),Telangana,Total,2014,"Places other than 231, 232 & 233",1091
Telangana (state),Telangana,Total,2014,Possession of forged or counterfeiting currency/Bank notes,10
Telangana (state),Telangana,Total,2014,Promoting enmity between different groups,18
Telangana (state),Telangana,Total,2014,Rape,979
Telangana (state),Telangana,Total,2014,Rape other than Custodial,979
Telangana (state),Telangana,Total,2014,Rape_Gang Rape,14
Telangana (state),Telangana,Total,2014,Rape_Others,965
Telangana (state),Telangana,Total,2014,Riots,766
Telangana (state),Telangana,Total,2014,Riots_Agrarian,0
Telangana (state),Telangana,Total,2014,Riots_Caste Conflict,21
Telangana (state),Telangana,Total,2014,Riots_Communal,37
Telangana (state),Telangana,Total,2014,Riots_Industrial,3
Telangana (state),Telangana,Total,2014,Riots_Other Caste Conflict,14
Telangana (state),Telangana,Total,2014,Riots_Others,643
Telangana (state),Telangana,Total,2014,Riots_Political,49
Telangana (state),Telangana,Total,2014,Riots_SC/STs Vs Non-SCs/STs,7
Telangana (state),Telangana,Total,2014,Riots_Sectarian,0
Telangana (state),Telangana,Total,2014,Riots_Students,13
Telangana (state),Telangana,Total,2014,Robbery,308
Telangana (state),Telangana,Total,2014,Sedition,0
Telangana (state),Telangana,Total,2014,Sexual Harassment,620
Telangana (state),Telangana,Total,2014,Stalking,426
Telangana (state),Telangana,Total,2014,Theft,15342
Telangana (state),Telangana,Total,2014,Total Cognizable IPC crimes,106830
Telangana (state),Telangana,Total,2014,Unlawful Assembly,25
Telangana (state),Telangana,Total,2014,Unnatural Offence,10
Telangana (state),Telangana,Total,2014,Using forged or counterfeiting currency/Bank notes,36
Telangana (state),Telangana,Total,2014,Voyeurism,45
Telangana (state),Telangana,Warangal,2014,Acid attack,0
Telangana (state),Telangana,Warangal,2014,Arson,22
Telangana (state),Telangana,Warangal,2014,Assault on Women with intent to outrage her Modesty,186
Telangana (state),Telangana,Warangal,2014,Assault or use of criminal force to women with intent to Disrobe,8
Telangana (state),Telangana,Warangal,2014,At Office premises,0
Telangana (state),Telangana,Warangal,2014,Attempt to Acid Attack,0
Telangana (state),Telangana,Warangal,2014,Attempt to commit Culpable Homicide,0
Telangana (state),Telangana,Warangal,2014,Attempt to commit Murder,29
Telangana (state),Telangana,Warangal,2014,Attempt to commit Rape,26
Telangana (state),Telangana,Warangal,2014,Auto Theft,32
Telangana (state),Telangana,Warangal,2014,Causing Death by Negligence,275
Telangana (state),Telangana,Warangal,2014,Cheating,178
Telangana (state),Telangana,Warangal,2014,Counterfeit Offences related to Counterfeit Coin,0
Telangana (state),Telangana,Warangal,2014,Counterfeit currency & Bank notes,1
Telangana (state),Telangana,Warangal,2014,Counterfeiting,1
Telangana (state),Telangana,Warangal,2014,Counterfeiting Government Stamp,0
Telangana (state),Telangana,Warangal,2014,Counterfeiting currency notes/Bank notes,0
Telangana (state),Telangana,Warangal,2014,Criminal Breach of Trust,5
Telangana (state),Telangana,Warangal,2014,Criminal Trespass or Burglary,135
Telangana (state),Telangana,Warangal,2014,Criminal Trespass/Burglary,172
Telangana (state),Telangana,Warangal,2014,Cruelty by Husband or his Relatives,218
Telangana (state),Telangana,Warangal,2014,Culpable Homicide not amounting to Murder,7
Telangana (state),Telangana,Warangal,2014,Custodial Rape,0
Telangana (state),Telangana,Warangal,2014,Custodial_Gang Rape,0
Telangana (state),Telangana,Warangal,2014,Custodial_Other Rape,0
Telangana (state),Telangana,Warangal,2014,Dacoity,4
Telangana (state),Telangana,Warangal,2014,Dacoity with Murder,0
Telangana (state),Telangana,Warangal,2014,Deaths due to Other Causes,16
Telangana (state),Telangana,Warangal,2014,Deaths due to negligent driving/act,259
Telangana (state),Telangana,Warangal,2014,Disclosure of Identity of Victims,0
Telangana (state),Telangana,Warangal,2014,Dowry Deaths,17
Telangana (state),Telangana,Warangal,2014,Extortion,0
Telangana (state),Telangana,Warangal,2014,Forgery,0
Telangana (state),Telangana,Warangal,2014,Grievous Hurt,63
Telangana (state),Telangana,Warangal,2014,House Trespass & House Breaking,37
Telangana (state),Telangana,Warangal,2014,HumanTrafficking,0
Telangana (state),Telangana,Warangal,2014,Hurt,63
Telangana (state),Telangana,Warangal,2014,Importation of Girls from Foreign Country,0
Telangana (state),Telangana,Warangal,2014,"Imputation, assertions prejudicial to national integration",0
Telangana (state),Telangana,Warangal,2014,In Public Transport system,0
Telangana (state),Telangana,Warangal,2014,Incidence of Rash Driving,488
Telangana (state),Telangana,Warangal,2014,Insult to the Modesty of Women,20
Telangana (state),Telangana,Warangal,2014,Kidnapping & Abduction,8
Telangana (state),Telangana,Warangal,2014,Kidnapping & Abduction in order to Murder,0
Telangana (state),Telangana,Warangal,2014,Kidnapping & Abduction of Women to compel her for marriage,27
Telangana (state),Telangana,Warangal,2014,Kidnapping & Abduction_Total,45
Telangana (state),Telangana,Warangal,2014,Kidnapping for Ransom,1
Telangana (state),Telangana,Warangal,2014,Making Preparation and Assembly for committing Dacoity,0
Telangana (state),Telangana,Warangal,2014,Making or Possessing materials for forged currency/Bank notes,0
Telangana (state),Telangana,Warangal,2014,Making or Using documents resembling currency,0
Telangana (state),Telangana,Warangal,2014,Murder,47
Telangana (state),Telangana,Warangal,2014,Offences against State,0
Telangana (state),Telangana,Warangal,2014,Offences promoting enmity between different groups,0
Telangana (state),Telangana,Warangal,2014,Other Assault on Women,116
Telangana (state),Telangana,Warangal,2014,Other Dacoity,4
Telangana (state),Telangana,Warangal,2014,Other IPC crimes,2163
Telangana (state),Telangana,Warangal,2014,Other Kidnapping,9
Telangana (state),Telangana,Warangal,2014,Other Thefts,270
Telangana (state),Telangana,Warangal,2014,Other offences against State,0
Telangana (state),Telangana,Warangal,2014,Other places related to work,0
Telangana (state),Telangana,Warangal,2014,"Places other than 231, 232 & 233",20
Telangana (state),Telangana,Warangal,2014,Possession of forged or counterfeiting currency/Bank notes,0
Telangana (state),Telangana,Warangal,2014,Promoting enmity between different groups,0
Telangana (state),Telangana,Warangal,2014,Rape,41
Telangana (state),Telangana,Warangal,2014,Rape other than Custodial,41
Telangana (state),Telangana,Warangal,2014,Rape_Gang Rape,0
Telangana (state),Telangana,Warangal,2014,Rape_Others,41
Telangana (state),Telangana,Warangal,2014,Riots,83
Telangana (state),Telangana,Warangal,2014,Riots_Agrarian,0
Telangana (state),Telangana,Warangal,2014,Riots_Caste Conflict,0
Telangana (state),Telangana,Warangal,2014,Riots_Communal,0
Telangana (state),Telangana,Warangal,2014,Riots_Industrial,0
Telangana (state),Telangana,Warangal,2014,Riots_Other Caste Conflict,0
Telangana (state),Telangana,Warangal,2014,Riots_Others,72
Telangana (state),Telangana,Warangal,2014,Riots_Political,11
Telangana (state),Telangana,Warangal,2014,Riots_SC/STs Vs Non-SCs/STs,0
Telangana (state),Telangana,Warangal,2014,Riots_Sectarian,0
Telangana (state),Telangana,Warangal,2014,Riots_Students,0
Telangana (state),Telangana,Warangal,2014,Robbery,15
Telangana (state),Telangana,Warangal,2014,Sedition,0
Telangana (state),Telangana,Warangal,2014,Sexual Harassment,31
Telangana (state),Telangana,Warangal,2014,Stalking,30
Telangana (state),Telangana,Warangal,2014,Theft,302
Telangana (state),Telangana,Warangal,2014,Total Cognizable IPC crimes,4407
Telangana (state),Telangana,Warangal,2014,Unlawful Assembly,0
Telangana (state),Telangana,Warangal,2014,Unnatural Offence,0
Telangana (state),Telangana,Warangal,2014,Using forged or counterfeiting currency/Bank notes,1
Telangana (state),Telangana,Warangal,2014,Voyeurism,1
Telangana (state),Telangana,Warangal Urban,2014,Acid attack,0
Telangana (state),Telangana,Warangal Urban,2014,Arson,14
Telangana (state),Telangana,Warangal Urban,2014,Assault on Women with intent to outrage her Modesty,114
Telangana (state),Telangana,Warangal Urban,2014,Assault or use of criminal force to women with intent to Disrobe,15
Telangana (state),Telangana,Warangal Urban,2014,At Office premises,0
Telangana (state),Telangana,Warangal Urban,2014,Attempt to Acid Attack,0
Telangana (state),Telangana,Warangal Urban,2014,Attempt to commit Culpable Homicide,0
Telangana (state),Telangana,Warangal Urban,2014,Attempt to commit Murder,22
Telangana (state),Telangana,Warangal Urban,2014,Attempt to commit Rape,0
Telangana (state),Telangana,Warangal Urban,2014,Auto Theft,117
Telangana (state),Telangana,Warangal Urban,2014,Causing Death by Negligence,200
Telangana (state),Telangana,Warangal Urban,2014,Cheating,259
Telangana (state),Telangana,Warangal Urban,2014,Counterfeit Offences related to Counterfeit Coin,0
Telangana (state),Telangana,Warangal Urban,2014,Counterfeit currency & Bank notes,0
Telangana (state),Telangana,Warangal Urban,2014,Counterfeiting,0
Telangana (state),Telangana,Warangal Urban,2014,Counterfeiting Government Stamp,0
Telangana (state),Telangana,Warangal Urban,2014,Counterfeiting currency notes/Bank notes,0
Telangana (state),Telangana,Warangal Urban,2014,Criminal Breach of Trust,1
Telangana (state),Telangana,Warangal Urban,2014,Criminal Trespass or Burglary,94
Telangana (state),Telangana,Warangal Urban,2014,Criminal Trespass/Burglary,141
Telangana (state),Telangana,Warangal Urban,2014,Cruelty by Husband or his Relatives,215
Telangana (state),Telangana,Warangal Urban,2014,Culpable Homicide not amounting to Murder,0
Telangana (state),Telangana,Warangal Urban,2014,Custodial Rape,0
Telangana (state),Telangana,Warangal Urban,2014,Custodial_Gang Rape,0
Telangana (state),Telangana,Warangal Urban,2014,Custodial_Other Rape,0
Telangana (state),Telangana,Warangal Urban,2014,Dacoity,1
Telangana (state),Telangana,Warangal Urban,2014,Dacoity with Murder,0
Telangana (state),Telangana,Warangal Urban,2014,Deaths due to Other Causes,3
Telangana (state),Telangana,Warangal Urban,2014,Deaths due to negligent driving/act,197
Telangana (state),Telangana,Warangal Urban,2014,Disclosure of Identity of Victims,0
Telangana (state),Telangana,Warangal Urban,2014,Dowry Deaths,12
Telangana (state),Telangana,Warangal Urban,2014,Extortion,5
Telangana (state),Telangana,Warangal Urban,2014,Forgery,0
Telangana (state),Telangana,Warangal Urban,2014,Grievous Hurt,44
Telangana (state),Telangana,Warangal Urban,2014,House Trespass & House Breaking,47
Telangana (state),Telangana,Warangal Urban,2014,HumanTrafficking,0
Telangana (state),Telangana,Warangal Urban,2014,Hurt,44
Telangana (state),Telangana,Warangal Urban,2014,Importation of Girls from Foreign Country,0
Telangana (state),Telangana,Warangal Urban,2014,"Imputation, assertions prejudicial to national integration",0
Telangana (state),Telangana,Warangal Urban,2014,In Public Transport system,0
Telangana (state),Telangana,Warangal Urban,2014,Incidence of Rash Driving,172
Telangana (state),Telangana,Warangal Urban,2014,Insult to the Modesty of Women,47
Telangana (state),Telangana,Warangal Urban,2014,Kidnapping & Abduction,9
Telangana (state),Telangana,Warangal Urban,2014,Kidnapping & Abduction in order to Murder,0
Telangana (state),Telangana,Warangal Urban,2014,Kidnapping & Abduction of Women to compel her for marriage,19
Telangana (state),Telangana,Warangal Urban,2014,Kidnapping & Abduction_Total,33
Telangana (state),Telangana,Warangal Urban,2014,Kidnapping for Ransom,0
Telangana (state),Telangana,Warangal Urban,2014,Making Preparation and Assembly for committing Dacoity,0
Telangana (state),Telangana,Warangal Urban,2014,Making or Possessing materials for forged currency/Bank notes,0
Telangana (state),Telangana,Warangal Urban,2014,Making or Using documents resembling currency,0
Telangana (state),Telangana,Warangal Urban,2014,Murder,26
Telangana (state),Telangana,Warangal Urban,2014,Offences against State,0
Telangana (state),Telangana,Warangal Urban,2014,Offences promoting enmity between different groups,0
Telangana (state),Telangana,Warangal Urban,2014,Other Assault on Women,42
Telangana (state),Telangana,Warangal Urban,2014,Other Dacoity,1
Telangana (state),Telangana,Warangal Urban,2014,Other IPC crimes,2096
Telangana (state),Telangana,Warangal Urban,2014,Other Kidnapping,5
Telangana (state),Telangana,Warangal Urban,2014,Other Thefts,213
Telangana (state),Telangana,Warangal Urban,2014,Other offences against State,0
Telangana (state),Telangana,Warangal Urban,2014,Other places related to work,0
Telangana (state),Telangana,Warangal Urban,2014,"Places other than 231, 232 & 233",47
Telangana (state),Telangana,Warangal Urban,2014,Possession of forged or counterfeiting currency/Bank notes,0
Telangana (state),Telangana,Warangal Urban,2014,Promoting enmity between different groups,0
Telangana (state),Telangana,Warangal Urban,2014,Rape,19
Telangana (state),Telangana,Warangal Urban,2014,Rape other than Custodial,19
Telangana (state),Telangana,Warangal Urban,2014,Rape_Gang Rape,0
Telangana (state),Telangana,Warangal Urban,2014,Rape_Others,19
Telangana (state),Telangana,Warangal Urban,2014,Riots,35
Telangana (state),Telangana,Warangal Urban,2014,Riots_Agrarian,0
Telangana (state),Telangana,Warangal Urban,2014,Riots_Caste Conflict,0
Telangana (state),Telangana,Warangal Urban,2014,Riots_Communal,0
Telangana (state),Telangana,Warangal Urban,2014,Riots_Industrial,0
Telangana (state),Telangana,Warangal Urban,2014,Riots_Other Caste Conflict,0
Telangana (state),Telangana,Warangal Urban,2014,Riots_Others,32
Telangana (state),Telangana,Warangal Urban,2014,Riots_Political,3
Telangana (state),Telangana,Warangal Urban,2014,Riots_SC/STs Vs Non-SCs/STs,0
Telangana (state),Telangana,Warangal Urban,2014,Riots_Sectarian,0
Telangana (state),Telangana,Warangal Urban,2014,Riots_Students,0
Telangana (state),Telangana,Warangal Urban,2014,Robbery,6
Telangana (state),Telangana,Warangal Urban,2014,Sedition,0
Telangana (state),Telangana,Warangal Urban,2014,Sexual Harassment,34
Telangana (state),Telangana,Warangal Urban,2014,Stalking,13
Telangana (state),Telangana,Warangal Urban,2014,Theft,330
Telangana (state),Telangana,Warangal Urban,2014,Total Cognizable IPC crimes,3792
Telangana (state),Telangana,Warangal Urban,2014,Unlawful Assembly,0
Telangana (state),Telangana,Warangal Urban,2014,Unnatural Offence,0
Telangana (state),Telangana,Warangal Urban,2014,Using forged or counterfeiting currency/Bank notes,0
Telangana (state),Telangana,Warangal Urban,2014,Voyeurism,10
